Country Code,1990,1991,1992,1993,1994,1995,1996,1997,1998,1999,2000,2001,2002,2003,2004,2005,2006,2007,2008,2009,2010,2011,2012,2013,2014,2015,2016,2017,2018,2019,2020,2021
ABW,21942.26749,23554.17281,24156.0339,24978.22617,26089.47226,26084.33498,25944.40682,27511.33593,27780.23283,27966.48799,30149.4234,31421.64054,30907.00737,31205.36078,33774.5272,34254.13532,35429.17254,37366.69495,38729.56099,34393.25735,33784.53794,35513.08119,34632.95165,36830.15661,36782.22712,37314.56439,37587.06594,38893.96056,40143.00027,39834.2239,31182.83388,
AFE,1844.490238,1855.856704,1811.250525,1801.093516,1824.722058,1894.762323,1982.707063,2049.995425,2057.622403,2090.945624,2156.354867,2227.889103,2291.27304,2351.059098,2484.602531,2651.414346,2839.030318,3030.356066,3144.720473,3107.567812,3218.018629,3323.273413,3237.872226,3365.684322,3503.826534,3533.336591,3627.474284,3670.891196,3761.03516,3814.846625,3659.272868,3881.592253
AFG,,,,,,,,,,,,,876.3276427,928.1915689,925.7042261,1023.549501,1078.90737,1230.20479,1273.787555,1519.310737,1710.762928,1699.48811,1914.774228,2015.514775,2069.424022,2087.305323,1981.118069,2058.400221,2082.392197,2152.190243,2078.479082,
AFW,1729.908891,1762.536827,1800.456255,1775.549715,1763.088948,1789.84069,1857.831038,1919.59649,1957.926069,1962.879359,2025.095894,2121.94263,2297.08618,2406.429857,2596.971347,2759.133866,2915.291586,3070.680405,3233.802575,3358.517812,3532.530186,3675.392441,3772.323802,4013.196523,4208.73178,4139.323364,4069.005667,4115.64548,4231.321093,4335.409188,4241.522499,4474.9707
AGO,3263.33435,3295.730956,3071.610764,2313.92178,2318.952828,2636.525014,2952.011249,3119.365502,3197.525502,3207.394343,3271.270265,3372.470708,3765.608654,3823.350144,4208.038928,4818.776561,5344.22385,6031.482423,6584.875135,6441.035242,6588.835076,6710.750725,7412.967137,7682.475646,8179.297828,7337.569901,7103.226249,7310.896551,7148.933253,6995.299736,6478.332182,6581.042021
ALB,2549.708941,1909.29081,1823.476534,2057.661495,2290.109912,2666.042365,2980.374617,2717.644348,3021.041577,3471.661509,3860.804627,4299.546493,4661.402695,5000.049363,5427.732662,5865.301904,6566.572828,7283.342638,8228.348041,8813.029461,9628.721962,10207.76757,10526.25918,10570.96373,11259.26751,11658.90552,12078.84314,12770.96429,13498.13817,13999.42397,13632.18654,15646.04152
AND,,,,,,,,,,,,,,,,,,,,,,,,,,,,,,,,
ARB,6758.578596,7317.502471,7716.067502,7912.418514,8103.155349,8238.083756,8571.161896,8905.950577,9303.211156,9422.509611,10065.19136,10238.03281,10209.27408,10611.83803,11637.9427,12368.22751,13170.85142,13781.0921,14478.26263,14283.97231,14784.37324,15288.34187,16184.70743,16134.05925,15870.68938,14317.76995,13863.68674,14378.78846,14821.63044,15054.80357,14269.22342,15125.10522
ARE,87131.6798,85753.93622,85531.98685,83757.77485,86613.48436,89627.85911,91844.58406,96076.76232,92528.44472,91580.88873,98253.40518,96670.45448,95476.92635,99275.69336,101901.9102,97719.1576,95781.58773,87209.37946,79808.34841,68150.43774,64889.96794,67686.39061,69102.48573,70374.23037,73619.06428,64901.85949,63968.90441,67183.60531,68568.09928,71144.71598,66766.05393,
ARG,7187.770165,7996.652087,8709.504797,9522.495174,10164.03435,9958.740324,10574.57096,11495.3562,11936.39985,11565.32947,11605.59228,11220.65623,10044.61804,11029.15507,12218.20932,13575.3709,14967.625,16590.24897,17420.68009,16330.6328,18063.91434,19322.22712,19641.35286,20131.68042,19683.77151,20105.19899,20307.87005,23597.11775,23290.67574,22997.39176,20769.03238,23627.39429
ARM,2770.889233,2553.188557,1547.378302,1478.899311,1630.564991,1816.305548,1988.413159,2113.311829,2311.097123,2436.423901,2655.323984,2994.248091,3461.274065,4045.110743,4616.180285,5458.089259,6418.636417,7560.868364,8308.414216,7231.220897,7507.144766,8025.458485,9364.375299,9835.802461,10036.88984,9969.664854,10704.22976,12115.13929,13018.87429,14230.01487,13311.02814,14630.24422
ASM,,,,,,,,,,,,,,,,,,,,,,,,,,,,,,,,
ATG,11581.40634,12073.41466,12279.21634,12968.79641,13830.69471,13215.81756,14039.13551,14741.04468,15289.82856,15766.85775,16823.98492,16164.36069,16354.92039,17465.16878,18723.68622,20279.55293,23205.04514,25644.83479,25715.20943,22429.75145,20613.70524,20347.86848,19598.02386,18797.62637,19039.0045,18911.30689,19920.26578,19840.28404,21519.36924,22772.30934,18240.38041,19837.65014
AUS,17367.11058,17822.47528,18214.59787,19159.52159,20094.05411,20923.5552,22008.91159,22972.48786,24210.63627,25296.26355,26343.0767,27439.82779,28768.72863,29807.40956,31407.46145,32653.40162,34369.61939,36599.85073,37499.52513,40281.79967,39336.66348,42003.15806,42836.67186,45906.44004,46880.89518,46248.61646,47255.30701,48398.5497,50169.18729,51748.39772,53316.88543,55807.44402
AUT,19461.99694,20605.85357,21281.15471,21720.51107,22629.97096,23684.62005,24553.84013,25426.71741,26675.04316,27606.48303,29376.01974,29702.79753,31178.69333,32144.24181,33773.82578,35013.71404,37662.18517,39430.60917,41316.22518,40918.13212,42009.43853,44452.73275,46457.34578,47922.04912,48799.71547,49865.90394,52684.01711,54172.98679,56960.09143,58076.3488,55685.97029,58427.49569
AZE,5253.446608,5321.810994,4149.746606,3217.651495,2603.601929,2317.590695,2366.638154,2522.628371,2779.615527,3000.925057,3381.66621,3770.852287,4159.940563,4639.794426,5159.859411,6740.424063,9243.497646,11732.84149,12969.20038,13972.59478,14678.77374,14804.57445,15957.71885,17188.94551,17443.87826,14938.40113,14371.02274,14121.40694,14549.0619,15051.56128,14478.52445,15842.88951
BDI,614.3947721,651.8148928,659.1131261,620.359421,598.9159829,554.7624638,513.4601103,508.8024246,533.4420787,528.5262407,526.4820601,537.061622,554.5104167,541.9589912,565.2032446,569.5519879,599.1439515,615.9811419,636.9394064,643.943238,663.1271908,681.9716213,690.6976916,740.9775848,777.0412415,841.5399533,796.9440834,773.5728587,779.7170375,783.1577656,771.1012372,793.2364344
BEL,18678.01029,19590.69918,20261.47811,20462.14646,21507.12136,22434.7069,22738.44887,23732.27225,24368.91369,25440.84119,27784.5715,28788.06284,30282.28865,30932.85251,32063.08032,33177.89095,35259.18671,36791.20043,37883.33194,37749.50954,39840.0882,40942.37271,42290.76205,43671.11959,44929.68559,46200.90445,48597.39998,50442.27054,52535.23222,54278.38945,53070.21482,58930.93633
BEN,1258.187518,1310.682081,1333.008135,1394.561657,1404.178009,1471.030965,1514.348262,1580.21812,1612.86843,1672.849348,1757.721011,1836.786562,1893.515263,1937.578233,2016.210145,2053.527482,2137.533893,2261.251548,2350.165251,2353.04098,2364.378796,2416.327362,2498.495773,2669.68822,2833.412753,2886.829137,3004.807805,3044.517156,3236.292065,3426.049089,3505.138455,3789.273347
BFA,589.3028822,646.9368149,645.5979922,665.4979978,670.1196604,703.6902969,773.8109229,813.901911,858.7982803,909.2783065,920.8916948,975.6197535,1004.642827,1072.853215,1117.782157,1216.164678,1292.85885,1341.374208,1403.295796,1410.772645,1502.268711,1586.571161,1619.399426,1683.105833,1692.303242,1713.520136,1895.295066,2044.386987,2168.408706,2267.320963,2273.831365,2461.942845
BGD,849.5687919,888.0188559,936.5410582,982.3787935,1020.317652,1071.93533,1116.88238,1162.349378,1210.867554,1259.54101,1330.03556,1402.348408,1452.12448,1524.346032,1620.885204,1754.727931,1903.738526,2067.677468,2208.616328,2308.982807,2439.337003,2620.83379,2937.628798,3143.585503,3368.056164,3555.50526,4610.718436,4894.563365,5321.940225,5784.269636,5995.407429,6613.013275
BGR,7547.12237,7214.513778,6916.174153,7031.17228,7336.747085,7738.843638,6846.984339,5750.439437,6177.653654,5807.811701,6421.959135,6958.978417,7786.448422,8416.983667,9201.504128,10291.43777,11408.11806,12811.35877,14335.7146,14181.15468,14956.48718,15747.08538,16327.87261,16647.0064,17616.91318,18391.92747,20074.35539,21469.94544,23016.09064,24497.62727,24564.43768,26705.43886
BHR,26846.22513,30033.04617,31937.93752,35999.19658,35783.2521,37019.07705,38231.40083,38997.35865,40061.347,40852.21879,42133.98012,42071.24668,41899.754,42875.91163,44197.88582,45422.94184,46249.75444,47590.92303,47893.28238,46487.14945,46878.08608,47377.49831,50675.62102,51494.41172,51101.97702,45575.78357,44768.97091,47709.77802,47485.6176,47224.23713,43821.12449,45411.12035
BHS,21473.1133,20881.40696,20152.55998,20309.20874,21025.00443,22059.54692,23098.83444,24817.11967,23699.24187,26647.12919,28002.34483,28940.84351,29692.43049,29373.69241,29877.88833,31276.98355,32436.07397,33158.05996,32404.39084,30721.09013,31093.98986,31522.02023,32216.6978,31856.12193,33347.17523,33855.50499,33886.11673,35911.65435,37065.53445,38063.81604,29064.7595,34107.84983
BIH,,,,,901.3862476,1142.911816,2236.91807,3081.228299,3603.660789,3995.625674,4598.155116,4791.895784,5196.529757,5461.782427,5949.360939,6479.64575,7414.019422,8196.496303,9028.85858,9028.633491,9348.26458,9976.490778,10304.02449,11016.55045,11433.19043,12010.75974,13072.16976,13753.83794,14918.48516,15711.2377,15598.43034,16846.45586
BLR,5226.139654,5335.578804,4922.457216,4645.893574,4194.881094,3849.897233,4043.749905,4601.503085,5066.942837,5337.01584,5801.75813,6244.747744,6704.592279,7369.845906,8491.894839,9647.121181,11006.45591,12332.50292,13898.99968,14050.57156,15361.83171,16563.20141,18105.28672,18994.19019,19008.06102,18095.66518,17785.9432,18356.10077,19428.00746,20092.88037,20237.55113,21698.57409
BLZ,3326.055532,3760.902094,4239.730938,4535.564027,4546.491383,4552.489869,4554.690523,4626.092247,4670.338947,4963.71122,5543.800543,5771.586376,5989.867923,6503.801255,6809.801313,6993.544845,7342.817732,7432.956663,7586.562736,7467.440621,7619.452314,7716.521078,7313.197802,7238.349833,7229.206377,7288.745493,7267.770047,7140.905119,7318.897839,7454.532388,6165.849669,6921.450076
BMU,34870.74775,34955.55828,35990.57811,37749.20837,38518.41744,40763.38661,42317.92417,44753.95873,46678.6018,48664.53995,53921.77368,58484.1524,58138.39981,60908.03971,63578.19228,66239.46679,71656.72358,75627.24753,75193.34639,71022.30785,70627.82219,69998.84342,67453.82052,68993.22749,68775.44674,71873.22806,76362.05141,81834.95587,83368.62255,85129.07046,80273.08171,85192.31929
BOL,2372.064596,2527.451765,2572.77,2689.138111,2815.486223,2947.600406,3069.286123,3211.589815,3343.962821,3339.446538,3433.710745,3502.793542,3578.010881,3678.963876,3864.549149,4088.364241,4339.990861,4581.253662,4873.089266,4985.203837,5167.676741,5460.257058,5921.648907,6624.805923,7056.828365,7133.873145,7499.77274,8423.69756,8862.313088,9092.687044,8283.131195,9030.387681
BRA,6693.592881,6869.44971,6869.479544,7256.80191,7718.427822,8081.973088,8279.147044,8572.718352,8566.5321,8599.588151,9050.494048,9255.634759,9560.575067,9737.27738,10448.31334,10994.30767,11654.82481,12565.2614,13325.47284,13265.78507,14301.12268,15040.06109,15046.29018,15588.72613,15718.56495,14744.11363,14256.16339,14524.61354,15018.6824,15358.08949,14834.1937,16056.01617
BRB,9571.196626,9473.43731,9103.767233,9358.616456,9712.969208,10075.96526,10624.8324,11272.4109,11773.77277,11929.99541,12693.28319,12626.52307,12880.36996,13375.89754,13880.67418,14826.35757,16150.58582,16857.19831,17213.58453,16386.68672,16132.62364,16305.08067,15310.43274,15335.64237,15174.99267,15542.54182,15961.24501,15800.42431,15988.77016,16153.97126,14045.77283,14816.86286
BRN,55853.60521,57882.34411,60279.53696,60183.24629,61700.32943,64118.62406,65516.35069,64120.22035,63030.49498,64440.23903,66363.6504,68312.04123,70662.41315,72781.51242,73829.28067,75250.76151,79857.70173,81111.9517,80113.13536,78278.83177,80288.8249,83935.22572,88245.95835,83788.51089,81371.23087,62540.62522,56297.22671,60994.53156,61831.88885,64718.8325,65607.35075,66619.87094
BTN,1557.806545,1592.411002,1703.992333,1785.496135,1916.385648,2084.306253,2212.276352,2327.337851,2436.783215,2606.043092,2693.31484,2921.496061,3226.980407,3481.336971,3724.519077,4058.126015,4417.201253,5309.211788,5613.847369,5971.368457,6694.249669,7295.853328,7912.144645,7989.689179,8666.455725,9500.650716,10457.24438,11142.47467,11619.55747,12365.51384,11129.30845,
BWA,5467.612876,5892.924283,6033.715283,6135.050242,6335.129819,6757.249497,7110.070257,7653.287071,7599.116655,8270.467468,8452.352765,8502.284578,8997.897967,9435.260581,9775.154595,10344.53343,11323.78141,12326.85119,13067.94811,11909.92073,12863.90135,13729.85927,13091.98012,14168.08218,15702.87275,14639.55843,16638.5205,15948.03202,16609.96253,17096.78778,15471.09481,17603.72675
CAF,634.7379015,636.3073442,592.3860605,591.1003606,615.3525405,655.1740214,623.9154768,651.7249354,673.5474042,691.2139102,673.6745705,703.8321637,725.0467407,685.2024986,730.9544873,745.9359805,790.0486965,832.6248343,850.7522583,915.9572943,959.0262229,1012.657401,1102.027526,738.4748923,720.3241096,787.0129065,851.0726713,912.8030453,955.402049,985.9877166,989.2187437,1020.533165
CAN,,,,,,,,25258.86056,26319.67416,27841.35335,29362.08416,30230.80297,30963.053,32349.94366,33925.70673,36327.22865,38119.4132,39575.30975,40376.30688,38865.41346,40099.44824,41666.70763,42290.96541,44298.57873,45753.75055,44670.08054,46472.34025,48317.17458,49992.76228,49299.21177,46572.13743,52085.03569
CEB,7094.256944,6648.327594,6689.528564,6958.118735,7397.447986,7992.529655,8400.81054,8707.256364,9098.086125,9397.320293,10015.35791,10798.70326,11630.41384,12340.05396,13483.01704,14312.21883,15920.66829,17758.28305,19671.02634,19698.25435,20809.06655,22187.39113,22975.52435,23964.15015,24984.3613,26140.06399,27874.98508,29901.29603,31928.91264,33774.73529,33757.42073,36908.33993
CHE,28470.35894,28801.3749,29121.99213,29504.79707,30275.19147,30851.80041,31534.09607,32771.05937,33905.12738,34818.07604,36772.69462,37896.69696,38814.37174,38840.88188,40336.40896,41749.21645,46502.92827,51208.09883,54096.80786,53354.00464,54858.44808,57987.50203,59933.59868,62225.08727,64103.01045,66020.20434,68105.15498,69103.57026,71660.20684,72033.92944,71745.2994,77324.08811
CHI,,,,,,,,,,,,,,,,,,,,,,,,,,,,,,,,
CHL,4504.013872,4944.68131,5613.856122,6109.735023,6558.426098,7340.248875,8053.765189,8702.547111,9027.599372,9010.253799,9585.722434,10037.66594,10402.53252,10963.79063,11794.6294,12679.22581,15657.47765,16840.32704,16504.09786,16068.03767,18042.79037,20259.72939,21512.00442,22346.99046,22687.25157,22566.17765,23330.77111,24411.54477,25526.70552,25322.71106,25089.0313,29104.05809
CHN,981.4192074,1093.566229,1262.025483,1454.491592,1660.34688,1860.525063,2060.8681,2266.728838,2448.482291,2650.178686,2917.24253,3208.229957,3532.081651,3938.730274,4427.131003,5056.404724,5842.778636,6818.923409,7581.453513,8305.760185,9254.779603,10292.94048,11168.6973,11872.49738,12480.33853,12897.50229,13483.37727,14243.53261,15495.54842,16652.0988,17189.28179,19338.23408
CIV,2752.940681,2746.434914,2703.731021,2666.906444,2653.230635,2807.003508,2981.617851,3223.359814,3298.619944,3290.594878,3270.109033,3194.420665,3086.305645,2935.774124,3046.4005,3106.834523,3222.573016,3273.45095,3418.352857,3483.632116,3680.004276,3470.929834,3558.631068,3867.323876,4319.578655,4652.889619,4726.98074,4830.750515,5153.729184,5432.547727,5465.068781,5939.764136
CMR,1954.41095,1886.255592,1815.355869,1662.485305,1681.886563,1718.908923,1775.742627,1838.963077,1897.365748,1959.168432,2026.520495,2105.466499,2175.463967,2277.651041,2437.147211,2500.885699,2604.266466,2714.922192,2768.571649,2780.590387,2817.106207,2892.448394,2958.692624,3129.858638,3312.540064,3395.628961,3527.165372,3665.117851,3800.52695,3900.822515,3867.203808,4064.466895
COD,881.8012193,804.7169334,708.5047853,603.6469706,571.338899,568.7070074,557.3622192,522.062354,507.5200222,481.2181471,446.5741979,434.8352523,441.4743664,460.935999,489.5590753,519.0927589,545.7309695,576.4523841,603.8637028,604.6920617,633.9826243,668.940881,669.5674426,753.4851681,849.7608186,905.4505994,963.6692722,1059.810762,1111.835806,1144.287321,1141.726007,1218.768128
COG,3471.16725,3575.043815,3650.108048,3598.937648,3378.245025,3486.943942,3599.074492,3534.889004,3602.285734,3457.080242,3695.025444,3811.633593,3935.348782,3931.014813,4053.663991,4365.373792,4700.680548,4356.066676,4560.333453,4958.14901,5350.416019,5428.241535,6335.785752,6069.000985,5931.133916,4639.744518,3839.9616,4234.659883,4022.278572,3987.163642,3689.111729,3616.864508
COL,5006.703246,5177.064388,5402.916314,5717.774581,6064.057156,6394.839618,6528.405693,6750.906635,6751.162385,6451.668319,6682.772332,6839.945273,7012.587473,7322.178185,7808.267187,8328.80498,9045.171873,9793.919597,10188.96021,10256.39082,10732.82234,11604.10228,12018.65128,12727.76493,13307.4245,13265.79726,13812.09606,14171.3205,15044.05534,15673.09435,14868.46982,16893.81718
COM,1585.253799,1505.536878,1623.037288,1662.633326,1563.261493,1608.044772,1572.569115,1619.963209,1615.980047,1627.743485,1799.250459,1836.860068,1863.323648,1894.390622,1936.05453,2005.09626,2071.543185,2093.754228,2165.84337,2196.803923,2252.180101,2337.027619,2511.505979,2636.472976,2716.827525,2709.56254,2863.852044,3032.262133,3146.531646,3188.083106,3147.856597,3284.401492
CPV,1062.38297,1087.110294,1200.442367,1298.345481,1536.980617,1746.385372,1933.860385,2138.805597,2384.853047,2639.061057,3028.752083,3111.435225,3271.386873,3421.431876,3814.772168,4148.084163,4557.069159,5323.349799,5716.726923,5612.334762,5693.173134,5966.848,5818.903059,5792.919833,5748.096238,5994.407103,6322.913234,6643.179892,7028.171433,7474.510419,6376.122279,7028.046846
CRI,5023.828755,5174.305356,5630.679652,6016.224583,6261.705701,6495.754915,6543.749259,6857.640049,7265.098083,7516.884053,7829.5341,8138.158223,8408.069811,8808.564845,9308.634503,9841.74831,10738.608,11774.43106,12404.11324,12216.86731,12865.25967,13545.93177,14321.51837,15005.91936,16067.33077,17090.79658,19075.00447,20347.03477,21319.04399,22632.44207,22243.80196,23387.13223
CSS,6145.436841,6439.522002,6736.093583,7058.170475,7348.57083,7654.088799,8003.990322,8395.103307,8561.77286,9028.139575,9503.814805,9865.324599,10332.2049,11133.12348,11840.31937,12566.16877,13806.47985,14585.74809,14999.20543,14485.4772,14780.50853,15161.34599,15129.46422,15377.39929,15500.95288,15285.77526,15139.71704,15925.39552,16465.8332,16854.74292,15670.60042,17056.80833
CUB,,,,,,,,,,,,,,,,,,,,,,,,,,,,,,,,
CUW,,,,,,,,,,,21888.34711,23054.70418,23478.24206,23520.55136,23788.37028,24078.37611,24587.775,25369.98538,26091.94833,25950.14215,25953.09685,26278.56532,25284.57674,25034.4605,24495.6341,24221.15367,23953.9408,24599.93783,24771.60079,24657.76263,20681.24471,
CYM,,,,,,,,,,,,,,,,,71482.57395,73489.35203,72475.45189,65869.76169,63305.11705,64014.74282,62795.90211,62440.00804,63067.41952,64233.53429,66639.55055,69753.08956,73550.41797,76836.49896,72481.01386,
CYP,13341.12305,13539.23535,14751.74316,14844.28809,15727.12598,17087.04492,17314.87305,17780.68359,18758.69727,19662.71484,21288.50977,22861.88477,23556.4082,24279.67773,25944.85352,27763.1543,30015.41406,32881.54688,34830.23438,33884.87891,33423.5,33313.57813,31834.51758,30375.0918,30080.23047,31815.27344,35719.15234,38287.96875,40559.125,42338.87891,39593.42578,42556.10938
CZE,12717.96987,11648.85354,11841.85562,12117.44965,12731.67043,13852.1499,14685.69353,14824.65952,14977.72206,15396.31178,16235.48063,17621.05413,18252.57277,19538.0704,20932.07842,22095.38785,23923.70388,26282.37549,27974.48713,27761.50915,27881.968,29001.36804,29254.73127,30818.10816,32502.47535,33899.28657,36097.70526,38824.88792,41135.49298,42847.00474,41608.02535,44260.85647
DEU,19452.5734,20984.24987,21709.50134,21862.80218,22784.58147,23552.25332,24071.8978,24572.68842,25345.06446,26291.21108,27199.04409,28368.54328,29178.63747,29908.13953,31333.8363,31794.09601,34160.34493,36287.48224,37802.38743,36815.84405,38952.6946,42541.53109,43359.61483,44993.89275,47011.55109,47609.781,50579.68393,53071.45557,55235.3663,55652.88749,54844.54597,57927.59007
DJI,,,,,,,,,,,,,,,,,,,,,,,,4103.941204,4289.03425,4563.377343,4695.100996,4904.976636,5180.596948,5482.012136,5532.682123,5925.795296
DMA,4294.108408,4502.033404,4686.823326,4882.793513,4972.911508,5226.58347,5500.801093,5745.579928,6064.678166,6203.297516,6508.887799,6649.275928,6546.056166,7072.803673,7453.924085,7716.926845,8309.453647,9066.054896,9893.445133,9837.764165,10018.86004,10199.12424,9946.830265,10145.91938,10909.37663,11141.2011,11949.53406,11341.33259,11996.36634,12850.2005,10818.02494,11973.86791
DNK,18233.9461,19063.7439,19814.14336,20218.49904,21678.08448,22684.25267,23734.83156,24928.40293,25814.05912,26653.8239,28658.12496,29437.31034,30640.34562,30820.38922,32938.6921,34150.15946,37334.39016,39006.20232,41278.32683,40331.40688,43003.05459,44403.38484,44803.96824,46726.85414,47901.44736,49045.33919,51976.00571,55356.68078,57482.9624,58700.97467,60229.91477,64651.21645
DOM,3664.342662,3752.011408,4188.659044,4519.465576,4651.416398,4931.956166,5233.116053,5701.968318,6055.916273,6405.566857,6752.448206,6969.677086,7289.345975,7229.32284,7508.865442,8360.0739,9284.758231,10111.03505,10501.62864,10536.74837,11411.60429,11869.12309,11900.48501,12482.16212,13475.01117,14740.82687,16109.86367,16735.36442,18134.93226,19190.00888,17934.19325,20769.18082
DZA,6908.881613,6885.315356,7002.451821,6863.704549,6804.794427,7075.068545,7369.655682,7457.764603,7808.255833,8056.75976,8436.99096,8770.253502,9286.56088,10022.96478,10594.04572,11411.19178,11788.56019,12326.07701,12655.21847,12719.17915,13096.88473,13500.04479,13303.32752,13056.80259,13003.26686,12015.64053,11624.34078,11737.40124,11908.53761,12008.26483,11323.31222,12037.48124
EAP,1453.886069,1593.979277,1771.597016,1975.784996,2195.653168,2425.219312,2653.879692,2846.745468,2869.091388,3046.010515,3309.909965,3570.133367,3868.139195,4243.188856,4697.532359,5257.633455,5936.089698,6760.625219,7400.893255,7941.578484,8743.26418,9589.023608,10383.92247,10968.67989,11473.70939,11794.32213,12314.03871,12987.36998,14055.48801,15034.14597,15263.90493,16904.90536
EAR,2947.847608,3125.773236,3263.06301,3347.558446,3450.72922,3575.877997,3775.323963,3930.719028,3891.194155,3970.116867,4174.048967,4275.998358,4356.14132,4606.199473,4964.274368,5342.918667,5783.369403,6210.036696,6495.632671,6585.816832,6996.918471,7409.3026,7770.923038,8007.978473,8231.999535,8334.31414,8675.951978,9086.117586,9530.145859,9782.709966,9381.827478,10282.9451
EAS,3247.053261,3495.101512,3719.323255,3960.701817,4245.403041,4562.173478,4884.422539,5138.606772,5134.568319,5369.940544,5774.617179,6078.835927,6451.17232,6875.066832,7459.56589,8117.135235,8911.469478,9849.509542,10474.51886,10856.71981,11787.6553,12679.24515,13510.3467,14202.55761,14714.05288,15128.56725,15629.52749,16351.10772,17448.44917,18376.44353,18612.85181,20296.09938
ECA,7096.032163,6926.311225,6378.33013,6140.677802,5534.782274,5537.167887,5610.744999,5864.792445,5365.496862,5546.788048,6222.844784,6572.210132,7037.835499,7785.938642,8694.116174,9789.351301,11699.04122,13011.63433,14871.05992,14340.21441,15354.51897,16947.84306,17957.83062,19358.78075,19709.44362,19250.60477,19645.82109,20830.33483,22233.96765,22757.90674,22651.27778,24892.8816
ECS,11866.51618,12158.94953,12194.1615,12276.18613,12477.47369,12951.29664,13401.98939,13977.91309,14262.79151,14813.29082,15952.58719,16756.30564,17562.07354,18240.92896,19365.0234,20397.96085,22589.23908,24207.36306,25855.40839,25130.44376,26189.20874,27743.13486,28506.46584,29814.3749,30540.7337,30967.68712,32401.30862,34073.93754,35757.71023,36744.02403,35860.62682,38939.77084
ECU,4824.617129,5081.838064,5186.864275,5293.400616,5512.668931,5630.848337,5709.651427,5933.593747,6070.919194,5749.842382,5832.268524,6090.973482,6327.228325,6515.644136,7119.191726,7602.647804,8046.431679,8304.77549,8853.996342,8816.461721,9091.306548,9857.520523,10311.4046,11153.68521,11713.17591,11060.28627,11034.26918,11617.91222,11837.95927,11850.49495,10890.45664,11661.19317
EGY,3709.400561,3790.879731,3964.922529,4091.979995,4258.987409,4459.776185,4672.965036,4914.893239,5143.648946,5424.118729,5787.54213,6011.761323,6134.872156,6336.851671,6650.316968,7037.341176,7614.842917,8229.523278,8829.135251,9129.202625,9523.553039,9686.046264,11092.74326,11221.38039,10895.94317,11512.40214,11192.37301,11014.48648,11637.87851,12259.71657,12605.97574,13316.24499
EMU,16995.80599,17964.59607,18546.83618,18779.12391,19592.97007,20437.70814,21070.03564,21914.42272,22959.6498,23838.26992,25314.40936,26494.36991,27533.73734,27984.21673,29079.57014,30078.3678,32535.67391,34420.17449,35715.11289,34793.32125,35773.73141,37425.37192,37799.03875,38986.0722,39949.71223,41038.03385,43532.99383,45610.76395,47548.52271,48853.59872,47146.77352,50826.45994
ERI,,,813.0685901,952.3294075,1189.812521,1257.538692,1404.072206,1542.138157,1579.048577,1579.346743,1526.846924,1639.089229,1641.17399,1554.014751,1548.161959,1575.908648,1558.315131,1580.831377,1422.094264,1459.462952,1485.360306,1625.507673,,,,,,,,,,
ESP,13678.2757,14464.00245,14858.14505,14975.57233,15585.50745,16279.09657,16975.12105,17912.75358,19096.61489,19954.29022,21584.2512,22949.18185,24371.59885,25046.1107,26143.63217,27606.93405,30720.22221,32469.53045,33263.2724,32092.36482,31682.7131,31867.97324,31720.12,32434.0032,33525.74063,34903.12748,37286.21343,39528.92539,40696.38768,41695.14695,37756.351,40775.27862
EST,,,,,,6476.327722,6889.810061,7979.377726,8450.577598,8412.066776,9421.291423,10314.26282,11663.2715,13132.58072,14536.34741,16634.89274,19345.31471,22195.19759,22802.34218,20477.85243,21619.45455,24557.23615,25996.04678,27464.51868,28945.46533,29175.92593,31312.7523,33821.93291,36249.35815,37851.30077,37645.22136,42191.5144
ETH,414.5666792,384.1804282,346.2020287,386.9030993,393.8379415,412.7697818,457.8266411,465.9628041,441.7376841,457.6502585,482.3357457,518.9838164,519.9319066,504.1538956,571.5659226,640.9698468,712.343569,793.3215141,871.5463026,928.3920242,1028.436486,1134.784509,1213.595972,1283.570449,1513.703236,1657.344704,1878.812682,2021.562908,2153.769081,2315.158138,2422.681026,2599.736165
EUU,14811.65202,15488.5955,15958.0382,16199.72115,16945.55433,17749.47635,18345.76162,19068.60209,19968.30294,20745.13059,22073.71203,23167.71412,24186.88601,24706.99623,25864.45042,26815.14356,29125.96591,31033.01978,32492.6596,31816.40818,32865.67577,34467.26742,34936.48814,36090.22351,37077.01712,38222.80411,40580.13837,42677.58868,44643.86611,46074.83544,44817.42601,48436.3432
FCS,2489.02021,2493.629649,2490.308133,2421.252331,2266.848696,2249.495809,2275.518418,2383.72092,2482.993482,2518.02719,2672.276845,2790.889988,2814.041053,2759.871581,3150.466863,3376.26379,3632.093524,3885.151636,4066.802544,4027.124684,4201.92147,4232.108676,4452.318635,4652.809762,4663.418309,4458.613063,4511.39675,4658.846541,4811.061559,4912.554067,4674.026857,4872.447578
FIN,18136.4023,17549.9485,17261.22676,17468.67388,18469.00205,19576.56812,20082.33823,21794.48665,23576.94603,24767.28067,26784.70647,27795.67493,28605.12232,29051.48643,31201.73494,32051.794,34455.10533,37838.34019,40083.69727,37972.27005,38956.47222,40916.83858,40873.09533,41493.14165,41757.40219,42497.70498,44934.44821,47570.13358,49580.6052,50321.53969,50937.16075,55006.64531
FJI,4196.238702,4181.852948,4482.759959,4621.630353,4892.07958,5054.687928,5332.679564,5249.434606,5327.715903,5833.376832,5830.07173,6058.893943,6339.839169,6523.042777,7037.747454,7275.958004,7581.614899,7643.494355,7785.161991,7651.520182,7914.968485,8263.045462,8839.515862,9536.326349,11346.94579,12412.35069,12631.9122,13429.30062,14176.90602,14261.83161,12158.24331,12059.77503
FRA,17642.07214,18328.01308,18951.04355,19194.93561,19992.61582,20766.70164,21352.88199,22243.73435,23359.44873,24307.50281,26090.63447,27490.05173,28523.88619,28172.69565,29060.45099,30498.57688,32468.54158,34121.34388,35095.26568,34678.06232,35902.90311,37440.63347,37679.11891,39523.85515,40144.02683,40849.99738,42924.61363,44577.06457,46576.60185,49072.36383,46991.18203,50728.66743
FRO,,,,,,,,,,,,,,,,,,,,,,,,,,,,,,,,
FSM,1768.809262,1915.22349,1984.993096,2144.274605,2134.617871,2299.609561,2250.949189,2147.771615,2239.369224,2311.474749,2486.506586,2603.334302,2661.922079,2760.356056,2754.312339,2912.040926,3021.122964,3072.97653,3082.841148,3154.121254,3265.891976,3422.355846,3386.653432,3274.777528,3212.924628,3350.09329,3372.959829,3489.707594,3543.161172,3611.363949,3552.596037,3544.224643
GAB,12381.90768,13217.08491,12750.51852,13209.55787,13628.81654,14233.77877,14642.04185,15357.51095,15675.89968,14126.71274,13836.61163,14109.87292,13957.8862,14204.42283,14319.1741,14762.54942,14381.46101,15206.47366,14531.70389,14173.60813,14838.64348,15638.74717,15356.23542,15114.37751,15370.96799,14699.53605,14286.1897,15006.84404,15095.9268,15576.64316,15105.13431,15597.52108
GBR,17084.5988,17413.59266,17833.57381,18666.0429,19747.53029,20617.43284,21968.92882,23049.61272,23683.5147,24463.49633,26472.19371,27807.16932,29062.12387,30355.28338,32058.41549,32747.35401,34845.59177,35695.29849,36863.58476,35212.42048,36576.58654,37379.29097,38514.02617,40218.74726,41580.60249,42912.87509,44635.29956,46372.3866,47573.48802,49041.46355,46526.91187,49675.30467
GEO,5724.600611,4636.720995,2592.89542,1862.26182,1730.656322,1882.306285,2210.232077,2565.84449,2742.305824,2920.209842,3100.988403,3375.179089,3647.998924,4159.376204,4546.583845,5171.57736,5866.588877,6818.50985,7139.012454,6984.247646,7564.892257,8360.297207,9826.052753,10611.77412,11575.54721,12089.16941,12858.4834,13589.70739,14593.92448,15621.87366,14731.20059,16997.14894
GHA,1236.000493,1306.889618,1348.966556,1407.157926,1443.854151,1493.945736,1550.450795,1602.402211,1655.182825,1709.959934,1769.523784,1836.230875,1901.656741,1990.482515,2105.408226,2242.377079,2397.476037,2503.859081,2714.463643,2792.265433,2974.159419,3379.484599,3781.865529,5294.820028,5568.235957,5206.028871,4992.730339,5115.90675,5442.2359,5773.860982,5749.655385,6178.285065
GIB,,,,,,,,,,,,,,,,,,,,,,,,,,,,,,,,
GIN,881.9161227,909.4185664,934.6664448,978.6883245,1012.274649,1053.08636,1091.073104,1137.186465,1161.764634,1193.594002,1222.949873,1269.092215,1328.758282,1345.723397,1386.833302,1443.459601,1473.69543,1580.911535,1639.812834,1594.839376,1653.90072,1743.949109,1795.447808,1811.332518,1804.543283,1819.362343,2078.641003,2417.803795,2559.425545,2674.633599,2754.418384,2878.593051
GMB,1555.34038,1595.97552,1630.335501,1665.146997,1651.402756,1649.11769,1664.281272,1722.044182,1747.637839,1828.115691,1911.601351,2003.626537,1906.764108,2012.53499,2143.366642,2092.563707,2080.852217,2137.126391,2246.638821,2341.090542,2435.154092,2215.757104,2199.77775,2121.489633,2027.036356,2066.859359,2068.747801,2072.646833,2209.634266,2320.305837,2276.650708,2433.898396
GNB,1011.548448,1074.566973,1086.282475,1110.282595,1145.121214,1195.347559,1331.547814,1414.949927,1009.311571,1014.037854,1071.291262,1095.869226,1077.959245,1080.63659,1114.073746,1170.022022,1204.730404,1246.91911,1279.466747,1297.874784,1339.12783,1439.283435,1355.313564,1364.38361,1378.23754,1597.204254,1746.752746,1925.237737,1947.369095,2021.136428,1948.643401,2057.100002
GNQ,653.2118151,647.3110567,863.3271746,948.7043633,1091.634506,1262.840665,2062.939585,5044.134597,6064.501085,7419.181322,8607.943832,13800.36883,16063.59565,17897.76018,24290.59083,27976.9688,29677.80508,33547.37754,38444.58193,37438.50547,32969.47844,34279.977,37570.6354,34766.04388,33696.21649,24042.35307,20458.7786,22550.95816,20873.03796,19385.41369,18157.51367,18127.18648
GRC,13304.47475,14011.60828,14321.40783,14341.68239,14866.27328,15424.47209,16145.44791,17155.93519,18033.79597,18464.73208,19516.19722,20954.78185,22615.93561,23896.6057,25460.45274,25577.52411,28549.15174,29320.26482,30856.01184,30359.14946,27913.08919,25671.51609,24911.11963,25986.65032,26625.06181,26760.3633,27511.80102,28604.86094,29617.54834,30356.2664,27948.64973,31295.14533
GRD,4724.04543,4944.590365,4978.154643,4941.755159,5075.360177,5242.473348,5535.816188,5880.875194,6616.34994,7144.011968,7632.567648,7616.573827,7970.748559,8865.900276,9015.221967,10500.93495,10364.72813,11270.35604,11565.2263,10835.70344,10864.67188,11116.74789,11163.81531,11887.35788,13042.05562,14151.90107,15025.68384,16217.49985,17239.74567,17579.4611,15273.54036,16680.41507
GRL,,,,,,,,,,,,,,,,,,,,,,,,,,,,,,,,
GTM,3319.968844,3463.392875,3617.505427,3751.760102,3888.385488,4065.417101,4161.110666,4314.641397,4474.145231,4601.413727,4758.248081,4860.75067,5009.586478,5126.233469,5314.815602,5544.676707,5900.851227,6318.320288,6524.609737,6474.796935,6618.916031,6910.876502,7204.732938,7446.588009,7758.49317,8194.440681,8221.746427,8322.21681,8664.33432,9018.51752,8852.947743,9769.238227
GUM,,,,,,,,,,,,,,,,,,,,,,,,,,,,,,,,
GUY,3051.217348,3340.229531,3661.13083,4024.497571,4433.205392,4738.897697,5212.975247,5651.615011,5650.548974,5932.08226,6007.445173,6295.563921,6469.719134,6552.589331,6828.225143,6901.075641,7477.141445,8229.877698,8518.571026,8894.757407,9320.414029,9987.421428,10479.77808,11023.22968,10951.79324,11198.30115,11296.76997,12005.4051,12775.6714,13634.30959,19702.97442,24493.71407
HIC,18098.47884,18897.36573,19655.66952,20242.45118,21205.33032,22110.55719,23099.31335,24121.42339,24929.08744,25932.80619,27570.84821,28491.99055,29423.13694,30448.44651,32170.60288,33744.82035,35967.5789,37778.93286,38804.40794,37761.00499,39198.29807,40837.08336,41967.11114,43337.52012,44458.8968,45207.75779,46529.25777,48428.18012,50451.20972,51771.86332,50452.4219,54602.90128
HKG,18250.1072,19778.39184,21310.67986,22774.05135,24115.1306,24711.0659,25096.11472,26608.36046,25114.41789,25858.62077,28221.12262,28805.71664,29607.87733,31176.47674,34528.21404,38075.24277,41741.44699,45250.2761,46818.55887,45861.05169,49190.61995,52277.46644,52234.59232,53691.83748,54781.64716,56408.93627,57225.09,59842.213,62513.95527,62103.41335,58980.01105,65972.55833
HND,2049.873619,1991.271416,2100.17703,2226.05816,2214.952155,2334.044757,2352.910185,2432.772997,2476.905509,2424.448933,2588.38762,2647.343517,2718.14394,2825.623447,3007.549764,3211.910536,3447.432132,3675.816668,3820.478145,3673.306926,3778.876126,3928.268538,4032.580856,4142.238456,4452.587991,4823.395396,5147.245133,5561.994542,5816.067372,5978.274828,5419.792164,6252.569135
HPC,1078.996015,1093.784675,1081.87914,1087.27629,1079.023114,1125.379045,1173.352977,1230.240065,1253.500476,1277.446451,1309.258208,1355.353479,1382.357284,1427.282867,1505.152098,1595.126335,1694.249819,1787.086746,1870.906921,1899.338013,1983.810641,2050.49728,2038.338225,2173.924766,2314.559145,2361.404089,2452.982566,2531.424458,2627.457417,2714.544572,2680.075602,2845.243175
HRV,,,,,,8075.77969,8827.541242,9558.53881,9910.372888,9960.338531,10683.60352,11655.64408,12769.77529,13682.12212,14675.26145,15436.64441,17595.75721,19493.23508,20921.54056,20149.50957,19967.21373,21014.7388,21397.48678,22081.09779,22325.07659,23301.27286,25210.98297,27154.08469,28877.23828,30543.93375,28780.31674,33800.55148
HTI,2144.620401,2214.569001,2103.484286,1997.9566,1763.280137,1942.113692,2022.274884,2075.058374,2106.437801,2155.936162,2185.932792,2189.999127,2210.210982,2294.033636,2286.807503,2391.79376,2469.063267,2613.039912,2691.082445,2823.525405,2654.978507,2805.727295,2762.440275,2952.303877,2965.479033,2898.624661,3084.033834,3153.299389,3240.924375,3203.037737,3094.941621,3127.415571
HUN,,8320.833632,8252.911224,8409.444993,8854.265662,9187.364597,9349.707499,9824.840805,10398.10217,10873.24786,11853.17852,13207.92217,14526.38826,15481.32011,16272.00583,17112.20217,18389.41028,19099.85171,20727.88997,20729.78393,21751.83384,23038.80802,23275.23186,24556.71535,25699.7505,26806.59525,27947.63769,29501.12042,31913.07466,33514.94179,33274.34766,36752.51543
IBD,2939.599716,3049.44463,3137.453293,3259.13487,3387.535294,3560.108448,3772.868967,3976.736179,4010.563045,4171.363191,4466.367858,4686.300607,4919.232515,5254.829064,5758.955819,6305.631009,7039.472363,7786.921427,8402.352566,8641.873863,9327.609196,10044.97202,10648.70084,11138.34864,11459.63007,11549.76538,11973.73195,12590.48089,13411.53826,14018.36683,13814.65935,15261.03664
IBT,2629.772731,2722.253026,2794.340417,2890.173427,2990.136939,3132.894399,3309.957437,3476.22226,3504.46481,3633.977741,3874.345783,4056.692762,4248.427204,4522.404071,4937.581136,5385.764511,5978.614307,6578.754707,7065.497709,7254.59034,7794.078643,8352.422453,8810.313536,9204.593263,9471.862483,9539.151078,9875.347394,10341.69135,10977.01596,11439.80137,11250.01449,12350.88205
IDA,1343.018437,1378.180162,1401.25899,1409.280983,1413.645743,1458.405113,1517.144811,1560.450056,1590.720661,1625.804094,1688.77026,1762.184499,1835.414334,1921.527698,2058.410644,2202.988926,2355.310999,2506.443297,2618.456826,2700.236883,2825.881088,2938.217692,2999.642446,3164.200306,3338.910463,3414.08023,3565.704694,3667.308564,3850.2139,3999.338097,3960.34016,4207.124716
IDB,2101.759715,2164.343036,2229.842209,2221.883233,2237.870537,2283.431375,2369.5721,2394.119575,2425.40594,2459.235296,2549.98624,2654.324329,2797.175882,2935.805391,3169.186298,3388.49623,3612.394187,3827.716692,3953.120631,4092.009577,4253.167412,4423.13453,4500.640738,4675.857888,4889.509047,4960.687928,4945.430372,5010.740875,5226.349504,5348.039853,5225.875159,5600.503798
IDN,3082.615341,3344.205012,3581.580689,3841.008816,4152.116815,4517.36645,4886.107515,5128.913336,4442.329138,4477.657379,4738.554777,4953.613592,5186.301459,5467.231552,5817.83337,6257.657476,6715.707869,7238.369541,7718.025586,8019.730683,8506.680565,9095.741723,9713.900487,10067.46574,10278.17731,10247.20634,10494.4738,10935.63172,11643.39732,12310.62737,12072.43996,12904.33506
IDX,961.4847958,982.6157549,983.5577969,1000.717333,999.4005364,1044.573058,1089.597539,1142.97937,1172.687095,1208.684486,1257.869702,1316.318114,1354.534697,1414.955576,1503.925206,1611.592928,1728.39808,1847.44405,1952.775074,2005.213892,2111.68737,2193.528465,2245.743316,2403.978044,2558.797148,2635.810777,2876.767901,2998.395868,3165.973207,3331.420313,3336.298689,3518.219239
IMN,,,,,,,,,,,,,,,,,,,,,,,,,,,,,,,,
IND,1200.345535,1228.732816,1299.343091,1366.14525,1459.590636,1572.602918,1689.960681,1755.599695,1850.791799,2006.342697,2093.26599,2205.225041,2285.83901,2472.993673,2696.659224,2954.546053,3240.736555,3529.62081,3654.427508,3911.434281,4237.208788,4493.669466,4861.156152,5057.233414,5233.882343,5464.859178,5839.864817,6182.922109,6669.622784,6971.687276,6525.428052,7333.505612
INX,,,,,,,,,,,,,,,,,,,,,,,,,,,,,,,,
IRL,13735.72592,14391.26836,15107.92203,15803.28192,17002.63358,18934.28128,20475.46148,22636.27018,25092.51361,27041.34742,30205.65723,32567.28217,35222.02872,36283.12084,38733.34969,40466.23435,44232.37305,46773.4866,44169.09434,41471.07998,43203.12008,45080.1887,46361.46369,47830.63089,51098.26668,69028.77272,71498.60101,77749.20196,84555.6348,87379.69297,93350.08753,106455.753
IRN,7514.984105,8557.739728,8872.020855,8807.36375,8716.161256,8986.229739,9598.743817,9764.242837,9947.878706,10158.45298,10858.044,11227.00058,12170.06762,13316.53508,14095.60746,14826.935,15868.37823,17433.23649,17618.50252,17712.53848,18749.33704,19415.61396,17153.0675,16351.70173,16210.91989,14409.57835,15351.44942,15883.39425,15677.4298,15532.51636,15791.15951,
IRQ,,2675.389638,3527.002883,4567.170056,4699.641679,4751.572963,5208.020388,6226.299264,8232.03262,9519.761937,11045.90313,11156.33896,10099.37219,6342.118087,9734.703574,9977.128043,10657.53857,10966.90886,11894.71008,12124.5765,12718.4112,13515.54593,15163.35014,15535.34598,13888.07638,9763.90409,9428.606621,10526.37091,10808.20883,11349.40215,9954.345263,10408.94388
ISL,,,,,,23941.93235,24768.91258,26873.0548,28721.11415,29557.54183,29779.0932,31876.02706,32607.10588,32699.24172,35616.20067,37322.73993,39700.32936,41463.42554,43728.11406,41864.18826,39775.29708,40936.86783,42004.44761,44409.66895,45996.96875,49201.0641,53480.39719,55638.49206,57211.30031,58290.09683,53616.68471,57646.40989
ISR,,,,,,19758.85952,20782.16962,21427.97988,22068.29935,22595.50341,24951.21757,24944.63173,25230.01157,23845.31292,25238.88078,24853.77787,25700.93836,27513.14313,27510.03985,27461.86198,28840.04535,30636.35238,31846.35583,34324.37815,34366.18102,35469.9502,37843.19463,39121.29583,39906.12468,40004.03051,39489.28078,43721.62304
ITA,18627.64397,19540.32457,20138.67054,20427.7275,21308.40224,22382.89796,23052.61895,23875.83851,25021.06529,25602.38947,27072.42136,28033.73587,28736.57711,29196.9279,29554.68909,30130.64446,32453.58371,34141.20077,35523.27131,34602.89696,35158.44184,36598.01497,36486.29679,36314.6971,36194.87392,36899.38521,39926.95466,41581.12079,43036.24378,44376.1625,41987.81596,45935.99655
JAM,4760.690668,5118.713566,5290.640247,5869.94435,6018.978125,6228.376698,6273.485874,6247.156465,6110.955167,6205.380838,6348.625916,6529.752041,6718.413921,7058.688126,7302.131459,7556.87631,7973.945699,8265.25766,8314.432829,7964.127404,7901.065514,8159.876165,8187.193674,8442.983667,8545.102837,8792.056957,9194.156739,9600.104746,9967.429208,10189.6402,9240.821869,10025.90479
JOR,4384.094014,4366.936426,4828.526834,4889.550808,4994.05578,5204.328251,5245.60552,5381.071779,5497.33892,5663.220083,5930.466358,6267.618483,6606.594635,6866.880054,7454.735129,8047.483948,8629.070083,9182.654584,9574.623929,9625.63906,9461.328429,9402.616204,9189.189214,9322.302454,9181.046372,9464.682242,9445.916863,10003.57498,10252.61882,10496.43835,10354.16403,10952.01061
JPN,19972.89275,21270.26613,21858.2073,22188.38534,22823.44171,23859.06605,25000.53392,25620.0681,25509.8996,25735.97109,27287.27019,27942.34665,28623.58845,29392.24899,30830.65845,32169.86749,33634.63171,35015.98657,35273.79115,33547.28342,35335.37351,36214.43977,37605.97426,39402.0251,39555.41201,40898.80697,40596.96866,41444.21574,42116.47435,42282.55089,42100.25769,42940.40525
KAZ,8261.674223,7553.627384,7321.916901,6830.161599,6185.742922,5918.374353,6149.413066,6462.952863,6523.298279,6859.037588,7725.002523,8980.674385,10014.05069,11123.89013,12432.36623,13941.50088,15742.06403,17406.16112,17985.38574,17958.31266,19227.1844,20779.44425,22032.17454,24504.76609,24726.47287,23224.11784,23818.82483,24862.96612,26154.60194,27463.97155,26750.44623,28599.98588
KEN,1668.481957,1692.837244,1663.02215,1655.497917,1682.93335,1741.099311,1793.464826,1781.570528,1809.544351,1826.141846,1827.826408,1887.45373,1875.77804,1916.258236,2012.624836,2138.943301,2283.795162,2437.766544,2422.324375,2450.133442,2607.43031,2723.546449,2830.694373,3097.630627,3357.641641,3683.041911,3930.893858,4203.585011,4443.452322,4647.409761,4587.18632,5023.511272
KGZ,2543.528925,2381.392659,2074.544389,1794.888824,1465.531849,1401.051231,1505.332932,1658.752561,1686.936746,1747.092619,1861.621661,1985.930219,1998.107104,2158.041983,2343.15794,2385.338014,2508.128874,2769.433362,3030.752903,3100.556976,3085.990191,3297.366837,3618.149726,4042.893053,4281.824074,4214.829509,4681.174733,5046.691535,5255.783473,5480.293907,4985.029555,5287.79067
KHM,,,,1128.820215,726.3178062,789.1178832,825.6382952,849.1207698,875.4837583,976.5503634,1074.188351,1163.935071,1236.684802,1345.108021,1499.511931,1724.152771,1938.942114,2162.262704,2316.671001,2298.808614,2427.510581,2611.306349,2868.737515,3045.590961,3185.336272,3388.737638,3675.03862,3928.373934,4258.705237,4574.028452,4423.474631,4683.004749
KIR,1253.381835,1272.94475,1294.490966,1320.031483,1354.345754,1364.098728,1391.349813,1415.891021,1500.088866,1472.352552,1572.598229,1557.821728,1614.488552,1650.423156,1636.571095,1736.526856,1750.878105,1793.162525,1748.947055,1736.175031,1703.565061,1739.113118,1834.198031,1916.450132,1904.405466,2083.873812,2064.874291,2069.054185,2197.699484,2191.529089,2171.867943,
KNA,9021.054704,9124.797764,9657.020345,10442.87283,11102.62019,11815.32373,12616.21348,13586.3859,13556.0282,14060.56479,15657.70878,16655.48239,16931.55156,16375.93874,17270.85029,19325.39363,20340.48109,20823.83964,23395.35932,22552.57076,22641.63325,23280.99167,22182.3807,23092.6273,24929.91331,24834.99303,25894.88178,26980.32456,28144.99274,29799.65241,25639.2396,26256.29549
KOR,8355.332774,9474.642596,10184.85566,11030.71195,12187.25497,13502.58274,14694.09624,15721.70566,14974.65957,16807.12948,18538.83553,19724.42595,21396.83775,22095.87083,23773.82865,25186.86757,26884.26733,29064.91808,29946.07749,29508.38151,31736.62844,32546.75365,33557.12872,34244.31214,35324.49767,37902.4004,39575.45428,40957.41806,43044.29176,42998.38824,45225.84454,46918.47482
KWT,,,,,,59865.10451,60540.28691,60030.06939,58775.15942,54922.24651,56115.46565,55912.34642,57572.4258,68095.55364,75722.19856,83729.98716,88754.78125,91584.94601,90182.42631,79404.40647,73974.0789,78178.22037,82680.40594,78058.38006,70082.46284,47230.66013,44685.49743,50855.55291,52290.9059,52054.71258,47303.12985,
LAC,6084.3166,6365.548513,6548.079928,6744.689828,7145.871582,7229.99933,7518.193485,7907.401463,8057.358661,8080.381914,8442.74677,8539.125254,8628.084751,8905.305707,9510.609196,10081.73736,10863.29638,11617.15883,12242.43924,12056.87059,12871.38474,13712.47658,13970.06998,14436.47219,14741.97703,14508.78705,14717.44632,15311.131,15739.92384,15915.29055,15028.11761,16479.87485
LAO,1024.63097,1074.328133,1128.688459,1192.078033,1284.647484,1371.758736,1462.066129,1558.289823,1608.323021,1719.820783,1829.887385,1947.314891,2062.814424,2197.782549,2363.989939,2570.787131,2832.049686,3077.497041,3325.080302,3537.758568,3823.044351,4150.826134,4841.645315,5289.478007,5873.749297,6168.481302,6843.559583,7257.812107,7774.222998,8219.505763,8238.494568,8674.033695
LBN,3835.059959,5684.559609,6429.977537,6909.205529,7276.277806,7627.731372,8447.025717,8569.974894,8898.769643,8846.808021,8941.945778,9141.856698,9163.151852,9192.373024,9670.744897,9959.864031,10292.65687,11536.63842,12831.246,14092.02272,14963.37506,14669.41582,14813.13213,14967.44766,15017.34706,15064.73931,15462.34275,15953.67042,15933.40097,15105.05921,11376.79398,10691.21532
LBR,,,,,,,,,,,992.2749527,1006.971224,1036.310235,725.6465455,750.3573179,793.8807172,854.6997574,924.6431039,968.8695644,986.7599355,1022.168501,1093.54032,1204.516556,1387.421641,1417.829286,1312.462766,1429.792082,1564.197682,1580.854668,1531.794745,1468.245239,1552.807212
LBY,,,,,,,,,,19549.65781,20411.01908,20181.44151,19977.03309,22656.43939,23921.19777,27178.98729,29391.54977,31594.61815,31702.93128,30128.02747,31693.88645,15938.68238,27448.54426,22856.28427,19945.17594,21382.46193,21164.4097,23467.97844,25556.8544,22764.47805,17286.36814,23356.60496
LCA,6817.11389,6973.980171,7604.757679,7740.648384,7939.423161,8147.040009,8425.885686,8394.210669,8898.335198,9147.25974,9254.619435,9056.997927,9166.458564,9676.907104,10573.77807,10755.13097,11633.60557,11985.89154,12641.87758,12204.20015,12414.23824,13256.92641,13079.77252,13489.69609,13760.25078,13551.34523,14292.08159,14928.39607,15651.47003,15842.41865,12708.79451,14051.364
LCN,6195.481679,6517.727396,6745.402143,6949.813106,7322.441171,7450.743537,7738.734907,8156.099946,8312.802374,8311.300614,8685.579931,8820.634966,8862.290061,9098.071597,9788.964886,10410.3478,11291.11289,12092.75462,12702.80645,12485.98969,13267.93356,14139.99306,14429.58714,14914.05717,15234.91826,15029.69175,15291.34522,15928.79254,16406.12968,16600.60912,15685.23579,17262.19334
LDC,920.8012415,946.0712525,950.4607341,953.0048427,956.0606013,1006.806357,1056.333248,1107.238721,1136.080367,1171.807387,1221.128589,1284.110682,1334.370421,1397.919257,1491.837871,1615.06048,1741.446256,1877.932552,1992.83026,2045.456666,2151.305109,2227.977796,2282.364306,2397.861284,2548.295047,2601.234162,2846.655458,2965.095985,3113.849948,3263.89536,3263.075364,3410.502307
LIC,794.0100794,808.6636961,802.4419558,814.1473231,812.993764,846.9944491,885.6466068,936.9354109,953.2069464,973.9831476,1002.914779,1051.347545,1079.850351,1123.843908,1189.148781,1271.384978,1352.712429,1438.966175,1508.040854,1534.552054,1619.950425,1635.396524,1559.811243,1629.759992,1750.259724,1806.778885,1910.170362,1963.397146,2033.948414,2103.576475,2087.656121,2197.525992
LIE,,,,,,,,,,,,,,,,,,,,,,,,,,,,,,,,
LKA,2304.231011,2461.898802,2598.990674,2814.347914,3006.953924,3212.505081,3372.640961,3630.079571,3824.01526,4023.285737,4334.752235,4332.964631,4538.781116,4862.087815,5220.163181,5673.714252,6249.008185,6803.645666,7294.540702,7548.39607,8195.167526,9007.734199,10315.18025,10852.06404,11256.85605,11557.48705,12224.21577,12584.10479,13167.5553,13631.5552,13226.73006,14127.21128
LMC,2073.607541,2151.246446,2217.72571,2253.844046,2308.778888,2420.924118,2561.878005,2647.075792,2661.292524,2769.585883,2908.50245,3044.692956,3184.117768,3398.348465,3659.276529,3941.260146,4259.081056,4604.010288,4803.971993,4976.408715,5285.240187,5565.679877,5856.619789,6072.375981,6235.592921,6327.217265,6629.469833,6918.594727,7336.869831,7650.778276,7381.261508,8032.525675
LMY,2527.586654,2620.614849,2687.563825,2779.339637,2875.318672,3009.074178,3180.781108,3339.894881,3363.65991,3495.840822,3731.356704,3907.708718,4099.794087,4375.923217,4772.521101,5212.315724,5780.599874,6359.449961,6829.068722,7023.697118,7556.30835,8099.224443,8549.45514,8936.212237,9196.335279,9253.423374,9570.318482,10015.16262,10632.36635,11079.9609,10894.57349,11959.08368
LSO,811.5635521,877.4877764,938.5083796,972.6703448,1030.738699,1065.643866,1124.745392,1166.161811,1179.754862,1188.857982,1254.788921,1326.841497,1361.223705,1459.635575,1533.607176,1644.587722,1772.536601,1899.548758,2042.676513,2026.893531,2153.391027,2290.128695,2308.929035,2563.068351,2804.178667,3077.397834,2990.283703,2668.291425,2677.123334,2768.216136,2569.337741,2682.235528
LTE,2874.14339,2968.574821,3032.793253,3211.395492,3398.751459,3628.995158,3850.733472,4084.762752,4195.730929,4405.034363,4787.55171,5111.64867,5484.48779,5964.168698,6582.585791,7290.080334,8300.259521,9336.129294,10277.43774,10664.55627,11598.47847,12665.53615,13505.13735,14234.814,14716.99202,14735.73083,15196.2068,16029.55014,17265.2065,18276.29653,18415.06282,20422.06729
LTU,,,,,,5927.330178,6383.803059,7069.562324,7762.537908,7820.717972,8445.899213,9436.054109,10480.72101,12067.67411,13030.36041,14510.53009,16483.85036,19094.64096,20721.0132,18116.73026,20096.7361,22884.82495,24703.68582,26721.57967,28184.47233,28834.42768,30925.17085,33761.87124,36376.18982,38540.78145,38880.54527,42665.32293
LUX,29933.35012,33173.22851,34090.76104,35879.91174,37531.67324,38325.31545,39710.39389,42485.59356,44267.45227,49844.67696,55117.25648,56125.22945,58575.67927,60196.54351,64692.59707,68787.85475,78878.45775,85109.87945,90970.7212,86875.85377,90361.78309,94475.03023,96636.42664,100925.012,105296.2846,107859.686,113365.1761,114985.8422,116965.5861,117341.9151,117846.1365,134753.7977
LVA,,,,,,5514.665963,5807.340589,6487.466004,7068.195072,7405.847975,8039.506366,9044.546392,10081.19186,11060.94272,12278.58484,13913.7883,15859.31539,18236.60921,19573.15539,17023.75492,17706.89451,19248.4194,21290.45959,22639.06834,23815.80006,24972.78609,26721.7262,28673.5634,30877.04193,31883.25911,31424.90221,34468.60211
MAC,27217.93127,28359.12788,32075.21572,33802.64474,35267.60862,36449.96257,36223.36566,36014.81909,34053.92675,33012.78101,34917.72814,35883.71171,38727.56981,43002.15103,54558.88743,59395.28357,67888.30046,78123.78318,80608.26069,80415.36524,99592.05217,120804.8242,134012.0148,153563.911,152856.3411,116298.7296,114893.0153,126144.1041,135535.9625,132644.0343,60890.54906,73802.23388
MAF,,,,,,,,,,,,,,,,,,,,,,,,,,,,,,,,
MAR,2546.273682,2771.385742,2726.053711,2722.630615,3025.091309,2876.743408,3244.517822,3204.925781,3430.785645,3472.906006,3575.283203,3876.140625,4011.096436,4282.941895,4554.850098,4795.599121,5256.104004,5523.613281,5892.290527,6105.844238,6332.819824,6712.323242,6702.418457,6916.013184,6609.608887,7024.962891,7113.004395,7312.056641,7624.844238,7865.262207,7368.891602,8143.525391
MCO,,,,,,,,,,,,,,,,,,,,,,,,,,,,,,,,
MDA,,,,,,3182.804057,3056.714808,3172.351126,2999.390521,2943.826987,3080.231768,3349.236595,3675.248805,4006.402742,4429.330258,4922.807008,5333.092185,5654.624712,6224.434917,5895.908685,6396.790409,6913.602264,7363.16231,8381.671813,8827.054129,9254.848633,10610.47782,11651.31745,12658.50376,13576.29474,12941.89278,15637.24037
MDG,1211.643696,1139.803142,1145.166278,1161.599521,1150.411566,1158.015297,1167.597398,1193.388419,1215.058203,1250.093715,1294.375384,1360.06369,1173.488901,1274.658758,1337.145116,1402.61231,1480.074777,1561.13259,1650.077097,1550.188057,1535.059379,1548.327416,1530.93409,1535.488435,1555.82248,1546.83722,1606.667405,1584.424519,1630.088139,1686.842064,1543.952938,1635.418012
MDV,,,,,,6171.568862,6646.792871,7199.834747,7692.173489,8128.577969,8450.939319,8100.133461,8588.05484,9682.09898,10251.16043,8944.894245,11348.6264,12266.6234,13357.90408,12120.80754,12713.73676,13542.99867,13690.7352,14774.18564,15993.05869,16768.73418,17411.34725,18057.91092,19242.83173,20333.92415,13442.38615,18232.24473
MEA,7729.672272,8473.647723,8903.396551,9056.713132,9210.364649,9381.78586,9824.12397,10135.90226,10536.613,10700.58649,11464.97821,11688.17726,11856.40651,12413.11594,13510.75121,14289.15034,15209.39128,16083.96289,16737.63399,16594.48648,17266.18731,17904.39448,18421.26836,18278.6781,17965.08977,16220.44713,15996.95781,16627.53509,17039.79802,17255.49329,16587.09702,17695.20859
MEX,8084.500741,8562.721172,8938.994161,8558.54818,9017.451253,8485.506974,9079.176895,9715.402428,10176.63542,10448.82437,11089.48999,11136.02191,11187.47696,11488.29563,12090.99121,12657.63767,13812.9014,14297.22139,14924.82161,14547.64458,15255.01905,16520.25922,17162.92737,17373.89746,18056.78981,18301.50047,19323.66587,19721.26098,20096.15665,19862.5632,18670.8104,20036.45539
MHL,1949.855008,1970.129987,2122.133457,2275.833562,2442.13765,2685.297263,2449.384068,2334.254588,2345.695173,2346.006268,2415.544748,2604.848567,2694.271015,2647.588389,2693.534958,2803.189922,2853.314259,3009.923504,2871.934397,2977.667509,3208.363777,3245.584664,3219.701173,3394.480721,3410.117432,3483.922712,3547.820684,3711.44609,3911.76729,4218.936639,4147.097245,4181.487228
MIC,2660.809389,2761.355367,2835.662576,2935.746401,3041.496753,3185.662809,3370.637043,3541.313673,3568.454687,3712.902894,3969.278368,4160.696194,4371.397476,4673.058106,5105.179232,5584.140271,6205.052523,6838.798672,7355.846622,7575.81433,8162.562814,8768.656982,9282.671161,9713.091732,10000.17942,10069.58301,10422.96179,10924.24308,11617.56103,12125.04559,11937.82147,13134.2711
MKD,5528.226186,5370.346702,5144.110644,4884.091888,4906.39879,4949.579927,5084.08924,5226.718197,5448.073869,5724.47004,6151.796866,6049.915617,6395.226348,6595.45197,7172.004987,7848.882967,8690.236926,9350.907779,10521.89673,11009.99159,11361.00939,11689.90577,11915.68987,12727.33641,13434.84324,13888.29539,15137.99583,15706.44417,16796.27023,17546.41692,16719.6901,17918.07707
MLI,803.3394613,908.1035307,877.0862695,902.2146571,930.9344787,934.1156309,992.2580187,1031.194457,1092.936212,1140.441686,1133.251811,1298.393079,1319.178754,1423.073796,1437.711281,1529.437547,1596.660712,1641.396286,1695.33625,1730.833043,1787.357586,1826.647557,1763.840251,1812.96622,1915.304472,2032.655872,2189.006622,2246.797421,2338.260312,2419.688689,2347.796674,2447.324283
MLT,9019.404724,9644.34278,10220.86004,10823.31568,11570.41573,12475.00438,13076.11883,13820.16717,14470.54795,15110.49434,18355.49679,18510.59845,19599.94143,20929.39549,21545.42519,22306.62287,23320.95984,25059.13771,26523.53269,26649.60413,28722.70219,28973.27086,30243.84131,32295.84734,34344.02179,37455.20487,39705.89872,43559.31618,45568.72321,47407.88079,43243.17265,47714.45217
MMR,400.0883691,412.4608676,435.4776605,474.9544093,512.0937318,553.8781962,594.2815917,632.8257073,668.1553331,725.9461275,824.9627665,938.5666095,1054.099276,1203.22483,1392.712143,1618.413814,1876.893679,2154.57519,2424.024319,2676.324325,2960.565723,3224.50102,3547.130653,3782.572595,4009.962562,4105.443377,4031.179736,4224.545031,4574.596178,4939.747975,5123.407709,4344.943168
MNA,4704.938651,5074.024086,5309.040662,5395.999671,5461.114178,5611.425269,5957.592815,6168.48614,6533.149446,6821.688421,7294.325441,7529.186278,7765.254506,7935.435652,8645.224149,9138.013416,9731.155831,10428.72883,10798.99779,10926.72371,11431.10344,11443.15844,11664.85788,11525.33341,11200.212,10540.12611,10624.08338,10923.75836,11184.37467,11353.77737,11009.5569,11776.76453
MNE,,,,,,,,,,,6001.791312,6770.287919,7100.324632,7340.860996,7842.302151,8313.652234,10458.7261,12459.31796,13816.57331,13022.14537,13636.01508,14472.48482,13863.8907,14870.15294,15371.14255,16332.84831,18199.38303,19682.2652,21513.29975,23072.58274,19989.65367,22795.40727
MNG,3342.89421,3107.440573,2851.182352,2801.672899,2900.431704,3126.026674,3228.346732,3383.97875,3506.452709,3633.332159,3725.014427,3885.462147,4092.749696,4419.728917,4965.027242,5426.869201,5996.027939,6697.63382,7326.082449,7165.444305,7582.377775,8912.873391,10227.53027,10549.89206,11056.29853,10648.27398,10737.48613,11366.30394,12316.00107,13013.04724,12365.93848,12862.74693
MNP,,,,,,,,,,,,,,,,,,,,,,,,,,,,,,,,
MOZ,291.1703092,307.7687619,285.2725523,310.2886174,324.5853759,327.1658184,359.4018513,396.0781446,429.4002178,474.2577014,477.7672638,532.2546827,573.7001454,606.9256872,652.9813361,697.7704264,767.0915482,825.4891524,878.4360543,914.547011,959.0425795,1023.065084,1035.522437,1084.98419,1139.051782,1291.268034,1363.674953,1283.65987,1320.54788,1335.877014,1297.298716,1342.290121
MRT,2636.117065,2702.825456,2744.292333,2898.735543,2797.512396,3057.862859,3212.737835,3057.77602,3098.323799,3174.274261,3037.615045,2998.911325,3003.597336,3184.464134,3329.05148,3622.853347,4294.758645,4201.626404,4146.676278,4057.720159,4092.527396,4225.571262,4262.063697,4481.251842,4295.051489,4200.152563,4700.106262,5108.549132,5317.464294,5569.539163,5389.646488,5591.83474
MUS,4941.082913,5277.472092,5674.129274,6031.887358,6326.313399,6678.237495,7107.450487,7546.139944,8009.767788,8229.436411,9017.168812,9453.988506,9688.88741,10390.0858,11061.38351,11542.4898,12419.51631,13424.35596,14366.81209,14898.60643,15700.24306,16653.2438,16963.51124,17866.30682,18488.04679,19229.83549,20701.21897,21415.11611,22738.69296,23834.965,20528.83365,22240.13496
MWI,664.9753556,732.2306317,687.8653866,770.4793594,703.7862306,830.3365985,891.2571053,918.8132744,939.0523151,953.9572147,964.7755527,914.2061781,921.5333257,969.6205427,1023.880507,1062.511256,1116.037019,1221.572403,1302.426002,1379.708733,1450.042906,1508.192132,1467.138181,1572.833472,1530.930754,1445.735112,1454.358941,1472.146868,1532.489312,1602.01559,1591.475591,1658.334418
MYS,6810.895412,7509.213298,8150.312483,8942.157351,9728.505292,10637.17212,11614.94244,12359.83445,11290.14989,11858.82997,12898.50332,12969.48229,13595.39868,14375.00006,15454.4359,16462.22094,17568.26094,18807.43054,19713.87676,19188.36498,20511.00574,21704.74427,22985.80166,23477.99117,24607.66873,24801.88843,25546.12952,26661.50742,28236.20719,29620.97866,27921.41095,29617.29676
NAC,23399.42254,23845.82644,24905.46354,25859.91862,27144.61721,28125.37692,29380.4098,30849.07089,32212.67529,33862.62611,35650.12322,36460.32577,37310.27144,38792.38218,40962.00099,43360.92832,45501.79534,47221.5147,47767.80731,46376.8032,47808.0293,49236.05772,50842.1091,52395.7477,54188.06728,55554.45921,56724.76313,58746.95762,61504.08788,63475.50692,61337.15661,67513.07328
NAM,3703.126818,4018.958895,4288.28315,4214.604064,4278.030489,4437.565768,4563.47378,4739.343284,4854.367856,4995.669079,5196.744542,5290.675254,5545.735792,5808.389686,6595.635065,6864.484323,7449.968286,7921.05922,8137.389224,8065.154077,8500.451374,8958.932313,9341.106683,9735.532643,10467.22804,10633.29442,10427.12176,10171.4215,10328.44753,10223.21253,9358.537168,9805.181879
NCL,,,,,,,,,,,,,,,,,,,,,,,,,,,,,,,,
NER,762.9312671,760.4298945,767.5732916,762.1802101,766.2565137,774.353996,762.3105923,760.1044616,815.8554731,796.5174698,776.1964518,820.9556594,843.2824557,846.7765188,840.895701,896.7888016,943.3217179,962.4207003,1017.531771,1005.121267,1062.806408,1068.244853,1158.66902,1127.348953,1142.516865,1145.309402,1153.339689,1163.22617,1229.080091,1276.049385,1288.153512,1309.814499
NGA,2056.867741,2080.400355,2170.916527,2123.321648,2076.867973,2066.770153,2139.013913,2184.751863,2210.605591,2199.260706,2303.494379,2432.896817,2778.61518,2965.430138,3242.645046,3468.792027,3694.764195,3939.649153,4174.713581,4419.862184,4703.720405,4922.702345,4982.945399,5225.172934,5507.169495,5426.332787,5234.679127,5190.356127,5278.231321,5352.241119,5185.988584,5459.158598
NIC,1973.199877,1991.155556,1998.990333,1993.577063,2059.565549,2182.461229,2318.863664,2408.686631,2483.516353,2652.292447,2780.035925,2883.572329,2908.783474,2999.133717,3199.220033,3394.175227,3594.608932,3826.219631,3978.543407,3819.56256,3981.506784,4263.177227,4427.946924,4610.298981,4941.699702,5293.870462,5694.054287,6004.02858,5866.5711,5675.564316,5573.868729,6331.672499
NLD,19164.80342,20136.83077,20789.33632,21400.09421,22369.00399,23433.65269,24508.78975,26017.05322,27708.97207,29268.5361,31870.83351,33180.18292,34447.20532,34149.61923,35809.78566,37625.56171,41013.78664,43939.14534,46420.20168,44556.92115,45043.90423,46599.02103,47272.10302,49241.51784,49233.2154,50288.59139,52288.41508,55088.6338,57826.6285,59004.32497,59266.90858,63766.88711
NOR,18451.15237,19570.06452,20612.19002,21572.36571,23015.46833,24347.8175,26818.30357,28608.65413,28186.39132,30555.04906,36936.48651,37764.30844,37980.35398,38593.70835,42549.94387,47797.52995,54160.4818,55930.53347,61716.59971,55364.21942,57919.65195,62076.74066,65354.77925,66961.2531,65892.68928,60368.92087,58939.91261,64050.75617,69808.32941,66799.16472,62644.84574,79201.23025
NPL,856.6407557,917.7343875,951.0797168,983.8845862,1058.983355,1090.941625,1142.868284,1194.5345,1218.88372,1265.78446,1349.962286,1422.508725,1424.272228,1488.295004,1578.507295,1663.370047,1750.480683,1836.859826,1965.219302,2050.786913,2164.951653,2283.18558,2505.39181,2702.224963,2947.316487,2996.220462,2989.675006,3565.197807,3863.870402,4119.584979,3996.66547,4260.839694
NRU,,,,,,,,,,,,,,,4389.814882,4416.132259,4989.823139,3945.691487,4898.090379,5342.472071,5969.00648,6662.389495,7508.306732,9908.098434,12673.85385,13165.99204,13641.37711,12973.82018,13960.44332,14096.62255,14337.26541,15102.66104
NZL,14864.00053,14568.98984,14921.57702,15966.02181,17099.30791,17915.41703,18470.15123,19143.8128,19347.41567,20579.36592,21513.70277,22508.93671,23306.27954,23973.63396,25091.15698,25677.41908,27755.52704,29369.80819,29827.14255,30681.24454,31222.45448,32701.3786,32988.60976,36242.62123,37293.35679,37479.68298,39933.57444,42218.53771,42520.75442,45554.8094,44657.77372,46419.5087
OED,16611.24382,17259.75415,17893.8041,18367.64195,19173.80768,19944.83839,20840.00317,21778.37521,22355.62498,23220.9926,24648.34689,25415.92009,26205.30215,26984.19366,28413.81758,29747.05476,31721.16087,33271.53355,34139.45232,33207.92471,34475.97169,35912.7168,36885.07743,38187.12247,39293.97759,40394.87658,41754.47742,43335.85684,45008.45073,45977.13997,44813.24873,48482.06692
OMN,26185.94566,27478.45735,29094.18745,30229.60924,30932.6261,32319.13093,33422.29066,35839.92155,37166.29029,37764.02617,40912.35343,43195.45775,42644.29068,41415.4333,42031.13341,43265.76254,45731.05909,47647.53055,50751.97735,51839.46503,50462.38954,49583.74381,50848.47581,48174.84971,44374.88159,35803.65721,33187.95461,33308.48431,33373.381,32604.34544,31117.75771,
OSS,,,,,,,,,,,11144.37553,11732.71458,12308.17545,12906.36529,14256.72538,15203.40948,17100.03977,18967.41726,20516.06193,20797.60356,22430.8699,24192.16834,25304.60379,25593.87775,25413.78565,21681.40585,21181.29583,22654.48685,23209.93322,23666.31938,22278.42117,23613.98531
PAK,2162.576204,2282.489413,2445.255772,2478.132797,2554.181376,2661.654553,2762.031773,2757.859242,2779.726548,2842.366689,2951.413309,3047.3602,3096.723898,3262.952601,3521.261223,3780.600005,4033.583711,4244.829829,4301.397167,4353.232665,4379.058818,4494.809312,4523.142308,4618.694924,4770.644237,4921.89157,4963.526707,5091.087164,5420.695792,5542.208851,5426.019788,5877.64258
PAN,5039.466742,5582.741047,6051.56032,6399.734603,6586.108498,6703.269604,6960.62148,7385.949577,7856.621797,8115.366818,8358.224817,8430.61276,8587.342153,8954.872323,9704.577668,10532.57755,11583.27572,13082.82258,14387.3688,14401.48823,15155.19717,16923.94652,18679.51395,20809.85514,22897.40264,25319.2167,27828.55571,30446.84956,31780.59909,32767.18697,26780.3006,31680.18601
PER,3357.706148,3477.246943,3468.816236,3666.78232,4127.874449,4443.364682,4565.934677,4855.825142,4806.018585,4866.895263,5037.537159,5117.230543,5419.39799,5699.483153,6086.620457,6614.108142,7269.979011,8036.41525,8866.318061,8948.761452,9731.487772,10476.79633,10767.67733,11295.96326,11510.27888,11572.32079,12013.37739,12506.52938,13086.79035,13401.00669,11908.0607,13895.27582
PHL,2648.151516,2658.763872,2664.970512,2721.784903,2833.956783,2957.659485,3116.082505,3259.838947,3207.504205,3288.713549,3435.630849,3543.768597,3655.106486,3837.297649,4116.937566,4372.500231,4662.660671,5014.31919,5244.727884,5267.170014,5626.897925,5865.343551,6296.827614,6614.683524,6960.900716,7186.76928,7703.762275,8120.868793,8719.587979,9290.966062,8394.242258,9119.693358
PLW,,,,,,,,,,,9945.562006,10664.90493,11074.87567,10831.15797,11633.22193,12521.67034,13012.8779,13909.37126,13678.48101,13152.77681,13589.25367,14970.49907,15604.97215,15368.2501,16620.19169,18011.15087,18122.12652,17768.41105,18069.89971,17954.12383,16318.67895,
PNG,1437.660913,1590.375899,1809.511941,2139.661429,2261.912454,2180.588759,2334.984957,2227.036983,2114.750568,2132.987124,2079.089047,2078.203131,2064.395549,2107.581858,2177.263664,2336.298338,2480.629246,2681.57446,2659.40062,2791.013308,3040.117384,3069.759742,3204.709295,3317.132905,3760.373516,3967.443954,4143.378505,4285.109475,4289.676883,4473.77725,4285.765475,4445.364769
POL,6181.891777,5921.537014,6189.794071,6556.684535,7036.272736,7681.196891,8275.801595,8936.625782,9487.754278,10040.89838,10672.12109,11119.71515,11804.26626,12288.46287,13353.6821,13896.79338,15152.33608,16802.83391,18303.35292,19239.92847,21072.52658,22827.69814,23745.6978,24567.50617,25475.50469,26862.05252,28322.10698,30064.50348,31953.03503,33797.76736,34286.98508,37502.55987
PRE,1478.659577,1498.223842,1539.250861,1545.327677,1537.916176,1576.628211,1654.82262,1758.494052,1876.760098,1950.505632,2063.329638,2140.54122,2203.812793,2120.834089,2401.004682,2545.000917,2708.851128,2863.174898,3019.709365,3091.597214,3237.496544,3349.392826,3410.149155,3553.353242,3642.65306,3456.643528,3449.21789,3537.892294,3619.697082,3702.335622,3560.045525,3740.728985
PRI,13408.70736,14081.62741,14962.9833,15894.66318,16757.25399,17722.43736,18258.49414,19299.55592,20478.15326,21776.69047,22935.20288,24879.21758,25465.67357,25965.87902,28989.62829,29346.92352,29952.63636,30582.98731,30774.76017,30533.38344,30928.79093,31824.15484,32582.62241,33172.67126,33682.85003,34016.02235,34346.86733,34363.75463,35118.78277,36273.87183,34333.74725,
PRK,,,,,,,,,,,,,,,,,,,,,,,,,,,,,,,,
PRT,11773.62199,12732.77788,13175.0759,13195.6234,13570.88323,14398.92008,14917.56036,15788.69698,16687.06971,17718.15157,18876.65948,19524.88674,20356.6473,20851.08854,21477.82618,22725.27749,24682.71885,25733.12709,26665.8373,26458.91104,27261.95345,26769.51189,26438.0163,27936.03966,28742.44038,29660.89607,31607.75424,33044.71674,34928.54353,36172.07254,34177.08571,35888.16538
PRY,5385.825328,5614.998852,5694.972338,5969.357794,6268.885917,6678.517698,6751.232582,7000.799906,6932.201558,6789.626242,6646.612527,6609.011671,6585.007752,6879.472751,7225.607808,7488.941084,7969.188901,8505.714498,9106.203424,9018.039513,10002.62682,10503.59585,10018.72363,11062.55873,11454.42888,11486.52319,12041.72354,12590.54844,13134.16336,13147.96186,13034.71654,13975.85823
PSE,,,,,2200.900885,2301.603029,2268.342576,2530.032316,2851.449401,3052.078825,2782.160561,2514.878463,2178.701079,2469.183648,3013.3813,3371.513879,3354.098695,3485.041614,3712.204098,3950.2413,4120.271088,4494.731323,5255.825609,5371.6871,5510.13293,5954.400784,6305.391803,6401.740891,6469.152794,6509.035299,5698.412057,6199.451018
PSS,2849.048789,2880.232479,3058.106322,3160.84302,3325.494097,3475.157781,3613.595836,3575.09508,3626.62736,3847.732486,3827.415085,3925.56456,4042.462136,4153.895636,4397.131912,4571.206711,4757.241905,4824.551824,4936.559707,4864.897943,5016.800941,5240.568209,5443.07916,5719.082201,6403.113495,6809.412945,6951.434353,7283.359765,7581.899036,7635.37064,6761.861684,6691.550788
PST,18011.35632,18714.72579,19348.57009,19846.88787,20707.7774,21577.76736,22503.69793,23489.22254,24288.60314,25341.45997,26939.92167,27907.97669,28869.07311,29818.7627,31434.47293,32963.60265,35095.09383,36838.52655,37775.44907,36709.62738,38044.91399,39486.38528,40540.78925,42021.81331,43126.49242,44219.20952,45713.30004,47523.30488,49529.19745,50840.01474,49487.60124,53501.36285
PYF,,,,,,,,,,,,,,,,,,,,,,,,,,,,,,,,
QAT,,,,,,,,,,,96713.10551,98980.35855,103395.3254,102794.7706,113889.9861,109910.4023,120966.6439,123032.9463,125130.0112,122393.8235,132062.4619,139358.9653,141634.7038,138229.769,129068.5789,92968.2321,83102.35049,91738.75279,93143.34557,93844.06063,89961.43323,93521.4418
ROU,5277.482124,4792.59502,4512.647211,4696.626691,4992.784891,5426.19767,5743.961975,5564.09451,5544.308572,5596.472489,5848.084955,6518.675292,7162.365778,7559.975349,8990.32565,9602.104759,11556.62425,13700.09357,16782.22907,16631.85819,16976.25909,17896.27586,18869.56897,19781.92571,20657.67329,21605.83562,24271.47002,27141.90093,29342.04115,31867.26319,32202.20866,35413.99058
RUS,8027.75293,7857.815918,6862.383789,6419.509277,5734.410156,5613.280762,5517.858887,5699.947754,5465.056152,5914.326172,6825.391602,7361.36377,8037.474609,9254.537109,10226.7666,11822.34668,14912.23438,16648.24219,20163.60938,19389.94141,20490.12695,22798.67383,24303.47266,26073.875,25761.64844,24085.32422,24128.08594,25926.44336,28821.26172,30067.74023,29916.01367,32803.35547
RWA,554.987705,575.5124065,658.6870161,662.9986147,355.4852147,499.1703573,556.2641642,603.4059789,612.4599047,601.5980881,630.3857346,674.0073055,756.8005301,776.7419614,844.8165694,935.8020958,1030.021422,1110.317628,1224.79498,1275.092744,1349.667255,1450.651467,1488.74193,1543.347604,1706.753166,1804.62951,1882.457397,1975.248661,2138.649927,2321.526953,2213.568598,2494.050572
SAS,1266.287325,1306.536921,1383.476122,1445.562254,1532.058882,1637.616373,1745.195923,1804.33621,1887.643272,2021.538983,2111.432979,2214.378135,2287.946462,2459.734712,2670.911184,2914.121061,3181.345468,3448.981043,3571.99434,3789.654741,4063.54152,4297.575351,4628.273459,4815.497708,4994.477114,5205.508334,5589.978381,5899.629315,6349.493853,6638.476503,6297.758877,7025.02116
SAU,32052.37305,36884.90614,38072.17519,37402.96983,37463.56815,37457.67056,38336.95493,38670.09824,39471.73303,37737.18215,39837.30868,39219.0013,37637.52741,41456.77287,44614.43668,47184.06644,48604.13819,49454.3482,52096.73332,49920.62755,51535.46797,56133.14419,57364.98511,55908.24993,55726.10231,48611.11934,45484.44835,47306.21202,48767.83655,48983.55126,46778.29837,49551.33457
SDN,1531.91394,1659.223267,1762.44104,1838.186035,1847.253052,1946.879639,2044.481934,2395.037598,2458.406494,2500.734863,2645.417969,2801.803467,2933.361084,3091.736572,3245.959961,3439.460693,3673.709961,3880.858398,3997.180908,3808.653564,3900.696533,4216.373535,3805.895752,3838.360107,4427.44873,4434.475098,4757.057129,4598.850098,4474.155762,4349.709961,4142.11084,4217.220703
SEN,1551.980071,1598.46478,1607.843014,1620.349597,1608.354783,1686.223325,1708.008546,1747.632012,1828.119751,1924.871911,1997.199594,2079.635685,2062.613411,2166.669121,2270.285774,2380.728085,2446.929044,2516.710086,2589.5867,2606.182642,2653.151604,2669.517086,2739.419,2742.420736,2830.697309,2971.346817,3075.937351,3203.906368,3388.550158,3510.418402,3503.595017,3768.667149
SGP,23812.9761,25528.01351,27019.36501,30059.38906,33054.58648,35087.00902,36869.56203,39283.07853,37557.02522,39943.71835,43775.87265,43104.28273,45080.26634,48774.72472,54377.34385,58814.91445,64054.27086,68793.70978,67718.4183,66212.31751,75389.76818,80052.3915,82064.96119,83001.7878,84423.19134,86974.74762,89436.59811,95310.33386,100686.2371,102431.3157,99681.29415,116486.4732
SLB,1368.748503,1458.26692,1633.941342,1690.916231,1814.680729,1982.859768,1994.810814,1955.203919,1947.877383,1912.427803,1631.545466,1494.691904,1436.56641,1520.050512,1623.043791,1723.709554,1820.246497,1908.656657,2012.267688,2029.559811,2177.332332,2323.935236,2348.475664,2449.761398,2454.119063,2446.88543,2547.684708,2663.492004,2761.599595,2772.800833,2618.323702,2656.100603
SLE,775.5520186,815.1831496,675.3836917,703.9338379,708.1029335,666.0173236,688.7132286,655.9725166,668.078868,652.0461858,692.2246074,639.2708108,785.7542429,836.2581146,876.1278365,908.9110605,945.7734063,1021.496488,1071.535203,1088.100578,1134.212524,1203.210638,1405.573377,1746.555737,1787.646837,1586.689754,1596.618799,1633.730738,1694.128414,1777.158358,1726.964157,1816.170271
SLV,2925.217971,3027.891354,3268.991174,3493.360912,3687.392212,3896.223,3956.637063,4110.461568,4229.089343,4346.125259,4461.821062,4572.135088,4688.633651,4830.140086,4979.220344,5249.864562,5621.657087,5855.513241,6068.935355,5955.179406,6127.645045,6465.808489,6541.216164,6877.146376,7233.195221,7597.689174,8038.629794,8454.052167,8821.519457,9146.512043,8419.799438,9668.727256
SMR,,,,,,,,43146.67854,46386.79799,50749.25054,52414.03032,55856.39251,56182.22941,58705.63209,62193.98408,64843.98188,68540.19207,74459.11674,74598.99446,66474.43271,62784.41445,57954.42968,54450.48403,53465.09402,55432.06994,55614.62185,57455.56217,58867.01326,60969.1659,63192.05517,59571.9068,
SOM,,,,,,,,,,,,,,,,,,,,,,,,811.0357469,931.0427211,1082.885879,1135.542998,1079.112443,1156.516094,1236.524544,1245.642283,1302.452519
SRB,,,,,,4825.753526,5227.119904,5716.471465,5996.641942,5528.025339,6019.114926,6481.992612,7224.61832,7645.785777,8487.604645,9181.688301,10209.18352,11236.22508,12632.07784,12533.96547,12798.27213,13746.92502,13933.84462,14629.0068,14659.57951,14928.46704,15858.09627,16611.02374,17717.9058,18822.36077,19093.95531,21432.41034
SSA,1795.983756,1815.969749,1804.804614,1788.594659,1797.62943,1850.146837,1929.91812,1994.766445,2014.692538,2036.478023,2100.521832,2182.357482,2291.204042,2371.26567,2528.047389,2692.789806,2867.382344,3043.812409,3178.124607,3206.505277,3342.584725,3462.883338,3451.45346,3624.967997,3786.081384,3775.64796,3802.948907,3847.60412,3948.03933,4022.222217,3892.035464,4118.811571
SSD,,,,,,,,,,,,,,,,,,,2913.320449,2943.269223,3021.279167,2844.516996,1519.142314,2099.236859,1495.509754,1234.725576,,,,,,
SSF,1796.961028,1816.989085,1805.916371,1789.789557,1798.803371,1851.29619,1931.116227,1996.119273,2016.154474,2037.949746,2102.009214,2183.794248,2292.628125,2372.578205,2529.303688,2694.180531,2868.921615,3045.532784,3179.770485,3208.093436,3344.241995,3464.69055,3453.195811,3626.755129,3788.050986,3777.614696,3805.08053,3849.819301,3950.325982,4024.566997,3894.153909,4120.999811
SST,,,,,,,,,,,10296.55557,10806.62979,11332.88317,11948.6897,13094.29279,13953.11169,15613.17548,17155.59379,18402.14634,18525.29739,19824.28459,21244.06187,22104.59272,22412.31078,22368.95907,19573.84974,19194.78363,20487.74698,21041.06063,21475.95632,20168.26203,21440.8275
STP,,,,,,,,,,,,1840.793961,1879.002133,2001.919728,2088.19002,2251.72845,2466.940906,2543.350646,2725.255196,2733.317819,2877.190603,2997.201274,2954.735997,3319.07533,3817.190316,3837.492528,3889.527518,3952.945394,4088.678661,4174.385425,4273.49342,4445.92956
SUR,6609.459115,6884.255533,6940.761966,6515.082502,6768.632632,6804.962638,6899.604599,7321.320581,7480.570041,7390.711432,7625.701102,8029.015171,8284.183873,8874.798934,9772.639389,10410.7414,11222.71449,11975.5907,12564.95741,12877.40197,13550.01845,14475.07261,15785.12357,16815.11043,17261.07558,17210.27034,15062.44129,18283.68839,19459.7015,19840.18306,16733.38268,16675.63838
SVK,,,7172.285168,7467.047784,8067.913495,8692.957338,9404.878515,10086.13476,10623.00698,10714.17713,11376.55592,12385.98843,13312.20331,14181.12184,15226.33843,16639.39412,18914.02796,21222.38033,23725.85776,23080.58654,25302.23272,26145.88938,26888.3481,27915.43321,28929.52636,29964.88861,29645.74189,30061.55147,31214.59257,31966.55484,31356.45828,33010.29075
SVN,,,,,,13620.49683,14304.35572,15282.77768,16056.05073,17083.25172,18001.22916,18948.20389,20241.52568,21112.37522,22760.94697,23852.64304,25720.44955,27570.14519,29604.29147,27537.75846,27826.87234,28931.38332,29042.82027,29973.69935,30870.02367,31628.24718,33936.04406,36507.55304,38961.54435,40670.87787,39725.25919,43624.67321
SWE,20414.11667,20720.8957,20825.06038,20757.40546,21877.8025,23094.05196,23927.51439,24805.82457,25887.83818,27471.55827,29618.27926,29927.59927,30926.5056,31814.86351,33858.61143,34244.46502,37730.16375,40905.14587,42158.2957,40279.4616,42223.91967,44608.58026,45432.43197,46312.39238,47184.66913,49103.13343,50430.25282,51947.95425,53521.63064,54598.78035,55064.88501,59323.96461
SWZ,3514.644084,3597.537403,3703.042535,3817.373917,3904.883893,4092.515891,4242.111892,4366.448145,4454.263823,4583.980128,4716.60459,4834.424649,5097.435556,5379.978048,5705.125385,6211.046976,6750.19845,7194.587774,7341.445117,7450.812028,7772.183348,8057.563801,8266.491725,8708.440279,8798.29399,8813.008782,8705.84317,8408.035915,8725.110443,9018.115773,8865.017138,9815.812257
SXM,,,,,,,,,,,,,,,,,,,,32606.31806,34236.10772,37233.96838,32878.44088,32478.29896,38858.58146,38211.83319,38230.03186,37914.12297,35973.1825,,,
SYC,8956.3608,9388.944403,10243.50195,10906.45889,10759.70224,10735.62497,11302.7287,12722.75766,13677.02182,13854.58434,14255.20519,14232.85955,14189.46737,13772.63331,13790.20142,15431.83189,17045.94746,19232.62333,18756.49571,18594.94787,19389.98786,21922.73953,21565.038,22369.39122,24682.86364,24739.96499,26824.75405,28116.71049,29427.16472,30605.37964,28338.97714,29837.46188
SYR,,,,,,,,,,,,,,,,,,,,,,,,,,,,,,,,
TCA,,,,,,,,,,,,,,,,,,,,,,21235.74296,19374.07813,20119.53195,22029.96123,24098.85066,26353.17023,27060.58966,28833.656,30485.60747,22283.97785,23390.47367
TCD,697.6109449,758.1156129,811.1323547,677.8188919,738.0555982,737.9186686,742.5612529,771.2120536,805.4923047,782.7097303,764.7134222,840.6656213,891.2244249,1003.156356,1325.472387,1546.49147,1549.230386,1588.333043,1613.684177,1637.392451,1819.89455,1797.749797,1730.793964,1569.058704,1677.090331,1820.059909,1664.512586,1587.032328,1613.979598,1646.293573,1591.669953,1590.55299
TEA,1470.672704,1612.391012,1792.103322,1998.71446,2221.180099,2453.432636,2684.72767,2879.765398,2902.284102,3081.174568,3348.069888,3611.273612,3912.718926,4292.107745,4751.68769,5318.189759,6004.350388,6838.194238,7485.592563,8032.223847,8842.81038,9697.885846,10501.36152,11092.28944,11602.58783,11926.40511,12451.53695,13131.92163,14211.59392,15200.89164,15433.10124,17092.36463
TEC,6930.749211,6737.705518,6281.560019,6122.302375,5663.411256,5749.139941,5888.731366,6161.178465,5789.377523,5995.561847,6641.786938,7021.254227,7521.823621,8230.292681,9178.455589,10197.30731,12053.43338,13440.62152,15320.19563,14930.02003,15968.00361,17535.97223,18527.15112,19846.5237,20263.36288,20030.74559,20621.89918,21925.39727,23398.94588,24119.15816,24057.54034,26432.4216
TGO,832.5590141,835.067209,802.8682917,683.4264277,784.7648783,842.4767418,907.4037646,1023.486861,979.2223525,986.1590265,971.3498496,974.0825514,1000.54349,1061.56804,1052.323659,1008.150877,1038.803391,1026.295245,1059.294399,1094.9874,1144.45785,1210.142847,1227.156159,1275.325318,1328.380291,1397.332402,1954.203573,2012.240693,2110.579674,2211.453835,2223.316956,2380.165428
THA,4306.922328,4776.688209,5227.617027,5740.82519,6274.504078,6857.316597,7296.20465,7132.672238,6582.420465,6900.449956,7294.594419,7644.615099,8172.994164,8866.93177,9611.274226,10261.32491,11036.56937,11884.17388,12256.50575,12188.34839,13196.8176,13519.12902,14870.97555,15407.6654,15480.21079,15822.37099,16616.195,17422.95235,18533.96473,19216.84294,18197.94241,19209.49244
TJK,2638.690438,2479.422039,1767.178979,1487.821354,1177.840726,1037.581929,867.1128136,883.7428734,927.2744085,960.4277977,1047.402595,1154.631566,1277.366092,1420.510177,1579.701061,1705.897106,1845.406705,2002.589174,2157.257323,2208.33427,2328.712759,2496.582204,2750.355063,3027.814126,3303.098197,3150.427114,3114.895558,3252.932655,3496.891341,3732.561094,3854.190435,4288.360975
TKM,5430.644478,5207.036105,4400.159186,4445.553936,3659.800525,3391.090331,3616.223938,3208.494547,3429.030584,4003.354,4270.157021,4508.155303,4544.457627,4738.619533,5057.380403,5832.264407,6595.03395,7429.624045,8569.747248,9018.875159,9811.687512,11294.96808,12057.18224,12739.17958,13490.99704,13690.61411,13862.27557,14205.02651,15200.00155,16194.21262,,
TLA,6173.105248,6494.542114,6718.218127,6916.629569,7285.973922,7406.303862,7692.018914,8104.527732,8253.631803,8239.299141,8607.696247,8728.755354,8765.625792,9000.368384,9677.353361,10302.32388,11187.82696,11993.13581,12608.35603,12392.17133,13180.12585,14055.55749,14345.05836,14831.8383,15152.78324,14943.19348,15206.09609,15849.55661,16328.84845,16516.14332,15607.83271,17171.70069
TLS,,,,,,,,,,,1249.456007,1458.67556,1349.961654,1311.856643,1317.978611,1367.224725,1323.024561,1469.381757,1638.050675,1783.909529,1939.06551,2060.247771,2345.545339,2483.175269,2721.041968,2912.736381,3130.590713,3177.485137,3168.048885,3779.735417,4140.95507,4417.58414
TMN,4729.156692,5101.018054,5338.274536,5426.795299,5493.457655,5644.982611,5995.925468,6207.147887,6572.469804,6862.20318,7343.083863,7583.72449,7826.426236,7995.816939,8707.998358,9202.845285,9803.385596,10507.98839,10880.71035,11007.92009,11516.87876,11525.3421,11741.29208,11599.19282,11268.863,10595.70002,10676.66666,10978.98251,11242.43836,11413.9159,11076.03301,11846.19752
TON,2223.417228,2441.593663,2499.460156,2649.962773,2835.163564,3100.648223,3204.578027,3287.631741,3391.811612,3551.184079,3645.238466,3846.681178,4073.648835,4225.684918,4208.19166,4313.796325,4405.106747,4498.254922,4764.815271,4523.593369,4611.013003,5048.277062,5226.525662,5385.390431,5638.11335,5775.149996,6194.008836,6466.340669,6563.660366,6646.509196,6693.785641,
TSA,1266.287325,1306.536921,1383.476122,1445.562254,1532.058882,1637.616373,1745.195923,1804.33621,1887.643272,2021.538983,2111.432979,2214.378135,2287.946462,2459.734712,2670.911184,2914.121061,3181.345468,3448.981043,3571.99434,3789.654741,4063.54152,4297.575351,4628.273459,4815.497708,4994.477114,5205.508334,5589.978381,5899.629315,6349.493853,6638.476503,6297.758877,7025.02116
TSS,1796.961028,1816.989085,1805.916371,1789.789557,1798.803371,1851.29619,1931.116227,1996.119273,2016.154474,2037.949746,2102.009214,2183.794248,2292.628125,2372.578205,2529.303688,2694.180531,2868.921615,3045.532784,3179.770485,3208.093436,3344.241995,3464.69055,3453.195811,3626.755129,3788.050986,3777.614696,3805.08053,3849.819301,3950.325982,4024.566997,3894.153909,4120.999811
TTO,7052.063484,7468.609012,8358.269967,8451.844109,8897.886082,9395.438976,10222.77435,11161.03199,12185.64413,13325.49336,14530.70725,15423.05801,16832.68938,19546.43883,21556.79073,23496.95704,27293.7584,29231.68796,30662.22909,29358.97108,30532.23977,30887.9828,30084.91906,30088.48642,29727.2398,27651.72817,26374.64098,27277.87832,27616.8942,27959.52908,26125.15329,26868.09272
TUN,3816.936582,4009.922689,4325.967219,4431.804915,4580.746903,4704.174348,5054.016082,5347.167032,5597.661518,5955.284808,6314.807297,6643.648894,6782.861075,7188.078948,7781.061608,8235.424799,8852.0262,9603.778707,10095.29907,10358.55101,10683.30968,10576.05361,10731.35653,10769.9831,11024.75012,10825.1015,10993.58555,11234.49842,11670.32794,11902.86201,10878.82319,11594.72067
TUR,8531.078258,8750.568569,9330.789403,10153.75137,9649.885218,10394.45225,11130.53111,11964.03533,9102.687692,8774.347748,9628.914702,9280.253197,9401.231328,9699.923864,10979.76904,12003.84793,13748.43653,14986.14915,16182.48051,15597.99694,17542.1975,19799.11568,20772.49895,22438.71425,24090.23604,25753.39051,26512.01695,27913.81872,27960.98028,26867.47031,27235.42583,30472.37993
TUV,1645.162926,1741.851657,1811.934576,1913.488528,2140.194101,2067.014785,1975.346264,2207.808897,2577.642489,2569.785991,2589.197626,2623.508261,2883.166009,2774.353118,2742.621134,2663.067792,2778.565276,3027.270515,3260.391322,3047.257235,2984.39517,3221.95636,3177.110241,3340.645965,3364.655664,3709.714506,3912.103971,4010.050723,4127.044661,4718.773043,4791.679265,5082.446038
TZA,958.5463867,978.4557495,972.8922119,974.5570068,979.2446289,1005.624573,1042.672729,1071.772705,1098.353149,1140.992065,1189.930176,1257.40979,1330.949707,1407.893555,1510.924316,1628.262207,1738.578003,1853.434326,1940.570923,1997.795288,2088.32666,2228.696533,2099.429688,2194.884766,2243.592529,2348.443604,2479.333984,2530.603271,2652.081299,2772.928467,2779.683594,2932.626221
UGA,674.084422,711.0380419,727.4606575,780.8665708,822.1364484,907.6850314,978.456473,1016.016822,1047.127722,1114.332969,1140.705773,1189.702332,1273.129021,1339.024044,1422.531891,1511.40054,1672.48757,1804.408879,1937.064884,2017.158145,2088.850952,2259.442889,2013.880711,2014.274961,2088.407331,2128.744955,2092.475566,2074.652436,2175.55372,2275.02815,2294.147984,2397.761005
UKR,7613.644531,7171.255371,6589.552734,5784.656738,4577.827148,4136.163574,3824.486572,3808.273193,3811.875977,3894.403809,4260.276855,4789.681641,5172.960449,5824.124512,6736.79541,7214.111816,8054.040039,9004.879883,9434.435547,8093.555664,8559.929688,9246.769531,9705.358398,11111.05176,10743.58594,10164.32715,11148.19629,11860.56055,12631.65723,13345.38281,13087.30957,14219.79004
UMC,3268.995052,3397.969636,3485.470691,3659.857689,3826.533857,4011.558374,4251.129693,4523.613325,4573.163439,4766.465781,5165.005289,5430.02629,5734.336886,6149.929556,6796.322653,7523.644424,8524.263838,9527.045954,10453.68371,10758.30284,11716.50799,12757.30776,13578.42073,14309.0527,14784.62955,14858.45515,15309.98485,16118.81992,17209.92973,18017.14379,17992.6421,19976.94158
URY,6383.000023,6784.252387,7435.085365,7756.366613,8436.660536,8427.992809,8996.546895,9864.758407,10360.38578,10249.85027,10243.44932,10054.21117,9419.772222,9689.982157,10454.86147,11586.01995,12419.5558,13563.6798,14778.27902,15460.37311,16818.92257,18002.89383,18192.3297,19130.0614,20093.62407,20217.56044,22454.39483,23009.87423,23585.39404,24004.82114,22728.21533,24625.45134
USA,23888.60001,24342.2589,25418.99078,26387.29373,27694.85342,28690.8757,29967.71272,31459.13898,32853.67695,34515.39023,36329.95607,37133.62311,37997.75966,39490.27496,41724.63163,44123.40707,46302.00088,48050.22378,48570.04598,47194.94335,48650.64313,50065.9665,51784.41857,53291.12769,55123.84979,56762.72945,57866.74493,59914.7778,62805.25376,65094.79943,63027.67953,69287.53659
UZB,2658.568958,2677.256798,2375.240142,2322.239835,2204.784523,2190.812418,2225.867604,2337.506628,2426.096414,2538.566618,2658.59476,2796.062943,2916.560149,3064.139926,3341.986737,3643.700878,3987.066407,4419.361874,4832.601604,5167.211472,5469.980737,5844.807562,6061.947154,6302.647244,6494.859941,6680.184701,6796.904892,6840.70986,7252.137355,7658.27241,7746.430969,8497.448308
VCT,4119.277796,4295.631624,4666.424113,4975.714145,5017.494589,5521.386776,5698.058245,6004.380351,6325.476096,6591.162547,6849.441878,7119.197523,7602.163254,8253.592701,8807.780073,9301.722065,10261.06849,10897.19291,11162.96378,11090.72963,10725.51926,10876.46186,11017.0289,11568.37898,11980.56636,12123.42265,13097.36131,13102.13049,13776.44942,14030.76555,13402.57954,14021.42942
VEN,9590.388996,10628.40108,11270.66649,11316.80503,11046.35993,11479.6108,11429.76857,12122.77926,12057.26006,11278.60833,11735.6406,12178.78816,11069.40388,10228.58739,12211.18451,13664.46056,15235.89658,16769.17872,17740.06596,17038.39662,16742.20335,17527.74874,,,,,,,,,,
VGB,,,,,,,,,,,,,,,,,,,,,,,,,,,,,,,,
VIR,,,,,,,,,,,,,,,,,,,,,,,,,,,,,,,,
VNM,1165.418742,1250.024106,1360.705079,1475.907729,1610.57247,1770.944455,1941.780829,2106.809039,2224.993548,2336.534601,2523.725508,2712.155584,2900.084242,3131.87653,3426.624757,3765.900155,4114.469612,4484.427754,4783.072979,5024.122071,5357.243036,5759.911338,6329.555554,6688.774305,7202.924215,7555.845811,8232.254094,8996.378103,9776.8195,10561.97128,10904.45215,11553.06992
VUT,1686.374741,1748.848087,1782.232516,1785.35073,1935.931853,1948.49079,1988.253551,2083.013662,2094.487885,2092.697396,2221.497572,2145.137389,2015.074352,2088.752896,2173.932665,2302.852043,2513.644543,2594.177504,2727.010028,2759.754665,2756.630361,2825.155406,2827.294497,2809.958397,2870.876903,2832.659016,2917.733303,3081.461777,3166.980897,3248.129217,3036.116767,3105.149681
WLD,5569.961677,5777.127784,5947.976724,6108.493258,6339.342463,6595.253135,6890.065043,7181.633661,7319.44158,7577.016796,8036.276037,8317.223896,8606.316318,8981.276868,9588.677063,10201.98069,11034.4664,11803.09147,12344.88424,12296.36339,12948.69247,13637.51105,14165.82615,14680.93102,15049.04732,15185.40526,15632.34581,16275.97747,17081.43786,17627.65986,17223.97552,18721.61335
WSM,2280.316719,2286.315553,2312.729981,2440.624055,2406.734619,2600.20757,2819.415934,2871.390382,2954.153355,3047.730333,3259.595278,3560.164671,3798.005508,4050.256666,4260.590159,4656.601856,4871.408229,4995.034668,5236.633624,5205.211192,5361.702348,5655.137334,5478.035889,5503.501544,5565.32956,5823.459624,6326.124061,6486.108339,6533.415934,6907.563708,6764.559991,6420.354457
XKX,,,,,,,,,,,,,,,,,,,6545.420726,6863.69132,7230.997719,7780.594464,8039.207976,8383.397311,8649.449499,9357.135136,10007.68923,10436.16885,11012.10966,11796.15331,11292.86265,12720.98357
YEM,2066.359511,2161.387825,2271.682332,2297.981613,2388.575291,2470.530068,2537.76299,2630.456825,2738.486209,2801.734275,2957.067963,3049.487731,3127.208899,3214.096446,3334.008069,3528.390136,3647.328071,3762.755487,3864.116927,3927.241241,4162.544887,3607.090566,3491.20461,3688.519409,,,,,,,,
ZAF,7065.270348,7053.782217,6886.247717,6963.371591,7171.325677,7389.869645,7699.136406,7896.000446,7897.155776,8079.263114,8488.86281,8796.410016,9147.724038,9486.546193,10061.59736,10790.33064,11599.10318,12390.08682,12857.98651,12565.29277,12913.54048,13393.76689,13215.70868,13606.9429,13602.10264,13701.94539,13748.46142,13860.27017,14207.43285,14288.58989,13359.48433,14420.17432
ZMB,1474.09245,1484.633685,1456.044324,1554.151167,1415.550409,1450.02366,1527.566086,1569.831079,1538.283409,1588.377544,1643.05084,1723.67902,1782.8178,1895.031951,2029.751326,2187.007721,2369.275634,2567.076,2743.861658,2932.3929,3179.220804,3323.937623,3422.619937,3578.847055,3539.43639,3430.400287,3404.67399,3485.02178,3605.676095,3616.903819,3457.328102,3623.854913
ZWE,1771.788573,1888.04118,1721.591128,1750.061859,1923.209711,1940.965561,2156.620307,2230.959328,2302.622564,2301.157318,2270.017301,2346.19815,2165.322628,1828.52486,1763.021151,1706.3998,1687.154196,1655.767655,1375.481106,1532.436098,1831.028032,2101.824051,2375.927006,2560.773267,2612.455954,2679.507615,2806.469032,2416.049969,2556.793484,2408.154197,2251.455674,2444.478237
